fileID,adl_code,adl_name,subject,session,original_samples,trimmed_samples,percent_removed,start_idx,end_idx
70,1,drink water,0,1,1131,1016,10.167992926613616,72,1087
71,1,drink water,0,2,1260,1122,10.952380952380953,88,1209
72,1,drink water,0,3,1674,1564,6.571087216248507,40,1603
73,1,drink water,0,4,1155,1054,8.744588744588745,32,1085
74,1,drink water,0,5,1218,1062,12.807881773399014,82,1143
75,1,drink water,1125,1,546,236,56.776556776556774,42,277
76,1,drink water,1125,2,408,232,43.13725490196079,48,279
77,1,drink water,1125,3,447,292,34.675615212527966,50,341
78,1,drink water,1125,4,473,200,57.71670190274841,90,289
79,1,drink water,1125,5,480,404,15.833333333333334,14,417
80,1,drink water,1279,1,465,340,26.881720430107528,124,463
81,1,drink water,1279,2,623,622,0.16051364365971107,0,621
82,1,drink water,1279,3,603,534,11.442786069651742,16,549
83,1,drink water,1279,4,464,432,6.896551724137931,16,447
84,1,drink water,1279,5,454,454,0.0,0,453
85,1,drink water,1313,1,1165,1058,9.184549356223176,100,1157
86,1,drink water,1313,2,799,452,43.42928660826033,106,557
87,1,drink water,1313,3,619,488,21.163166397415186,78,565
88,1,drink water,1313,4,605,440,27.272727272727273,60,499
89,1,drink water,1313,5,665,420,36.8421052631579,86,505
90,1,drink water,1324,1,443,368,16.93002257336343,8,375
91,1,drink water,1324,2,407,407,0.0,0,406
92,1,drink water,1324,3,352,284,19.318181818181817,12,295
93,1,drink water,1324,4,391,252,35.549872122762146,34,285
94,1,drink water,1324,5,399,320,19.79949874686717,18,337
95,1,drink water,1358,1,381,334,12.335958005249344,38,371
96,1,drink water,1358,2,334,246,26.347305389221557,44,289
97,1,drink water,1358,3,446,332,25.56053811659193,100,431
98,1,drink water,1358,4,399,246,38.34586466165413,92,337
99,1,drink water,1358,5,366,312,14.754098360655737,28,339
100,1,drink water,1390,1,684,512,25.146198830409357,30,541
101,1,drink water,1390,2,948,702,25.949367088607595,60,761
102,1,drink water,1390,3,1532,976,36.29242819843342,118,1093
103,1,drink water,1390,4,1440,1398,2.9166666666666665,2,1399
104,1,drink water,1390,5,1325,1110,16.22641509433962,70,1179
105,1,drink water,1396,1,316,206,34.81012658227848,10,215
106,1,drink water,1396,2,195,132,32.30769230769231,34,165
107,1,drink water,1396,3,192,136,29.166666666666668,14,149
108,1,drink water,1396,4,212,138,34.905660377358494,8,145
109,1,drink water,1396,5,228,162,28.94736842105263,0,161
110,1,drink water,1405,1,1520,708,53.421052631578945,438,1145
111,1,drink water,1405,2,1691,984,41.809580130100535,402,1385
112,1,drink water,1405,3,1407,772,45.13148542999289,340,1111
113,1,drink water,1405,4,1568,920,41.326530612244895,350,1269
114,1,drink water,1405,5,1464,750,48.77049180327869,348,1097
115,1,drink water,1435,1,373,304,18.498659517426272,10,313
116,1,drink water,1435,2,357,240,32.773109243697476,106,345
117,1,drink water,1435,3,365,314,13.972602739726028,38,351
118,1,drink water,1435,4,310,310,0.0,0,309
119,1,drink water,1435,5,420,326,22.38095238095238,94,419
120,1,drink water,1453,1,373,304,18.498659517426272,10,313
121,1,drink water,1453,2,357,240,32.773109243697476,106,345
122,1,drink water,1453,3,365,314,13.972602739726028,38,351
123,1,drink water,1453,4,310,310,0.0,0,309
124,1,drink water,1453,5,420,326,22.38095238095238,94,419
125,1,drink water,1505,1,440,312,29.09090909090909,56,367
126,1,drink water,1505,2,406,382,5.911330049261084,22,403
127,1,drink water,1505,3,401,312,22.194513715710723,26,337
128,1,drink water,1505,4,365,234,35.89041095890411,50,283
129,1,drink water,1505,5,386,198,48.704663212435236,66,263
130,1,drink water,1570,1,715,504,29.51048951048951,96,599
131,1,drink water,1570,2,550,442,19.636363636363637,50,491
132,1,drink water,1570,3,512,322,37.109375,52,373
133,1,drink water,1570,4,472,414,12.288135593220339,16,429
134,1,drink water,1570,5,431,392,9.048723897911833,12,403
135,1,drink water,1697,1,637,490,23.076923076923077,72,561
136,1,drink water,1697,2,710,612,13.80281690140845,0,611
137,1,drink water,1697,3,621,488,21.4170692431562,6,493
138,1,drink water,1697,4,665,472,29.022556390977442,84,555
139,1,drink water,1697,5,670,504,24.776119402985074,104,607
140,1,drink water,1735,1,381,324,14.960629921259843,32,355
141,1,drink water,1735,2,996,930,6.626506024096385,66,995
142,1,drink water,1735,3,423,423,0.0,0,422
143,1,drink water,1735,4,411,350,14.841849148418492,24,373
144,1,drink water,1735,5,361,334,7.479224376731302,26,359
145,1,drink water,1751,1,5984,5330,10.929144385026738,538,5867
146,1,drink water,1751,2,6499,5260,19.064471457147253,946,6205
147,1,drink water,1751,3,6056,5254,13.243064729194188,620,5873
148,1,drink water,1751,4,5998,5258,12.337445815271757,712,5969
149,1,drink water,1751,5,6790,6186,8.895434462444772,188,6373
150,1,drink water,1777,1,448,414,7.589285714285714,20,433
151,1,drink water,1777,2,463,390,15.766738660907128,62,451
152,1,drink water,1777,3,454,406,10.572687224669604,22,427
153,1,drink water,1777,4,520,370,28.846153846153847,94,463
154,1,drink water,1777,5,480,386,19.583333333333332,64,449
155,1,drink water,1803,1,296,296,0.0,0,295
156,1,drink water,1803,2,269,222,17.472118959107807,30,251
157,1,drink water,1803,3,243,243,0.0,0,242
158,1,drink water,1803,4,276,138,50.0,76,213
159,1,drink water,1803,5,280,156,44.285714285714285,124,279
160,1,drink water,1825,1,675,426,36.888888888888886,102,527
161,1,drink water,1825,2,764,358,53.1413612565445,108,465
162,1,drink water,1825,3,572,328,42.65734265734266,116,443
163,1,drink water,1825,4,553,354,35.98553345388788,70,423
164,1,drink water,1825,5,668,348,47.90419161676647,128,475
165,1,drink water,1975,1,337,337,0.0,0,336
166,1,drink water,1975,2,401,118,70.57356608478803,238,355
167,1,drink water,1975,3,360,350,2.7777777777777777,8,357
168,1,drink water,1975,4,390,120,69.23076923076923,260,379
169,1,drink water,1975,5,317,264,16.7192429022082,40,303
170,1,drink water,1978,1,1010,796,21.18811881188119,96,891
171,1,drink water,1978,2,546,454,16.84981684981685,0,453
172,1,drink water,1978,3,515,422,18.058252427184467,82,503
173,1,drink water,1978,4,420,408,2.857142857142857,0,407
174,1,drink water,1978,5,324,180,44.44444444444444,102,281
175,1,drink water,2045,1,740,304,58.91891891891892,258,561
176,1,drink water,2045,2,377,258,31.56498673740053,96,353
177,1,drink water,2045,3,353,222,37.110481586402265,104,325
178,1,drink water,2045,4,303,174,42.57425742574257,104,277
179,1,drink water,2045,5,580,232,60.0,290,521
180,1,drink water,2056,1,922,266,71.14967462039046,392,657
181,1,drink water,2056,2,1061,308,70.97078228086711,354,661
182,1,drink water,2056,3,1060,322,69.62264150943396,378,699
183,1,drink water,2056,4,1031,348,66.24636275460718,352,699
184,1,drink water,2056,5,1030,334,67.57281553398059,358,691
190,1,drink water,2115,1,1384,602,56.50289017341041,456,1057
191,1,drink water,2115,2,1269,616,51.457840819542945,310,925
192,1,drink water,2115,3,1333,940,29.482370592648163,122,1061
193,1,drink water,2115,4,1348,660,51.038575667655785,380,1039
194,1,drink water,2115,5,1364,544,60.117302052785924,436,979
195,1,drink water,2116,1,429,278,35.1981351981352,112,389
196,1,drink water,2116,2,532,466,12.406015037593985,28,493
197,1,drink water,2116,3,437,422,3.4324942791762014,14,435
198,1,drink water,2116,4,480,442,7.916666666666667,16,457
199,1,drink water,2116,5,580,420,27.586206896551722,132,551
200,1,drink water,2136,1,913,562,38.444687842278206,26,587
201,1,drink water,2136,2,683,530,22.40117130307467,60,589
202,1,drink water,2136,3,642,502,21.806853582554517,50,551
203,1,drink water,2136,4,620,482,22.258064516129032,78,559
204,1,drink water,2136,5,770,608,21.038961038961038,100,707
205,1,drink water,2155,1,710,646,9.014084507042254,56,701
206,1,drink water,2155,2,747,676,9.504685408299865,68,743
207,1,drink water,2155,3,655,410,37.404580152671755,16,425
208,1,drink water,2155,4,553,528,4.520795660036167,14,541
209,1,drink water,2155,5,747,668,10.575635876840696,0,667
210,1,drink water,2159,1,898,764,14.922048997772828,74,837
211,1,drink water,2159,2,894,778,12.975391498881432,52,829
212,1,drink water,2159,3,945,848,10.264550264550264,30,877
213,1,drink water,2159,4,995,892,10.35175879396985,60,951
214,1,drink water,2159,5,971,840,13.49124613800206,50,889
215,1,drink water,2160,1,552,306,44.56521739130435,210,515
216,1,drink water,2160,2,570,172,69.82456140350877,126,297
217,1,drink water,2160,3,586,426,27.303754266211605,156,581
218,1,drink water,2160,4,643,556,13.530326594090202,70,625
219,1,drink water,2160,5,634,526,17.034700315457414,70,595
220,10,take off shoe,0,1,533,270,49.34333958724203,44,313
221,10,take off shoe,0,2,858,548,36.13053613053613,76,623
222,10,take off shoe,0,3,719,538,25.17385257301808,108,645
223,10,take off shoe,0,4,942,740,21.443736730360936,16,755
224,10,take off shoe,0,5,801,566,29.33832709113608,66,631
225,10,take off shoe,1125,1,606,388,35.973597359735976,158,545
226,10,take off shoe,1125,2,606,554,8.58085808580858,10,563
227,10,take off shoe,1125,3,562,180,67.97153024911032,254,433
228,10,take off shoe,1279,1,320,320,0.0,0,319
231,10,take off shoe,1313,1,649,406,37.442218798151,70,475
232,10,take off shoe,1313,2,485,284,41.44329896907217,48,331
233,10,take off shoe,1313,3,508,268,47.24409448818898,102,369
234,10,take off shoe,1324,1,701,328,53.20970042796006,220,547
235,10,take off shoe,1324,2,530,282,46.79245283018868,156,437
236,10,take off shoe,1324,3,487,242,50.30800821355236,150,391
237,10,take off shoe,1358,1,324,182,43.82716049382716,48,229
238,10,take off shoe,1358,2,522,308,40.99616858237548,152,459
239,10,take off shoe,1358,3,433,238,45.03464203233256,112,349
240,10,take off shoe,1390,1,407,134,67.07616707616708,34,167
241,10,take off shoe,1390,2,552,196,64.4927536231884,108,303
242,10,take off shoe,1390,3,668,290,56.58682634730539,270,559
243,10,take off shoe,1396,1,181,181,0.0,0,180
244,10,take off shoe,1396,2,231,106,54.112554112554115,98,203
245,10,take off shoe,1396,3,311,204,34.40514469453376,96,299
246,10,take off shoe,1405,1,1322,690,47.806354009077154,366,1055
247,10,take off shoe,1405,2,1385,548,60.43321299638989,342,889
248,10,take off shoe,1405,3,1912,770,59.72803347280335,414,1183
249,10,take off shoe,1435,1,353,182,48.44192634560906,144,325
250,10,take off shoe,1435,2,401,236,41.14713216957606,110,345
251,10,take off shoe,1435,3,368,156,57.608695652173914,98,253
252,10,take off shoe,1453,1,353,182,48.44192634560906,144,325
253,10,take off shoe,1453,2,401,236,41.14713216957606,110,345
254,10,take off shoe,1453,3,368,156,57.608695652173914,98,253
255,10,take off shoe,1505,1,330,106,67.87878787878788,104,209
256,10,take off shoe,1505,2,240,240,0.0,0,239
257,10,take off shoe,1505,3,234,234,0.0,0,233
258,10,take off shoe,1570,1,543,368,32.22836095764273,98,465
259,10,take off shoe,1570,2,578,418,27.68166089965398,38,455
260,10,take off shoe,1570,3,564,390,30.851063829787233,56,445
261,10,take off shoe,1697,1,561,236,57.93226381461675,118,353
262,10,take off shoe,1697,2,681,408,40.08810572687225,106,513
263,10,take off shoe,1697,3,612,358,41.50326797385621,94,451
264,10,take off shoe,1735,1,455,352,22.63736263736264,10,361
265,10,take off shoe,1735,2,366,300,18.0327868852459,40,339
266,10,take off shoe,1735,3,355,168,52.67605633802817,34,201
267,10,take off shoe,1751,1,1691,884,47.72324068598463,394,1277
268,10,take off shoe,1751,2,1811,792,56.26725565985643,470,1261
269,10,take off shoe,1751,3,1742,846,51.43513203214696,516,1361
270,10,take off shoe,1777,1,480,246,48.75,224,469
271,10,take off shoe,1777,2,461,190,58.78524945770065,182,371
272,10,take off shoe,1777,3,554,258,53.42960288808664,182,439
273,10,take off shoe,1803,1,395,395,0.0,0,394
274,10,take off shoe,1803,2,516,350,32.17054263565891,88,437
275,10,take off shoe,1803,3,485,485,0.0,0,484
276,10,take off shoe,1825,1,872,584,33.027522935779814,182,765
277,10,take off shoe,1825,2,1227,918,25.183374083129586,188,1105
278,10,take off shoe,1825,3,1031,854,17.16779825412221,106,959
279,10,take off shoe,1975,1,535,212,60.373831775700936,222,433
280,10,take off shoe,1975,2,576,294,48.958333333333336,78,371
281,10,take off shoe,1975,3,569,376,33.91915641476274,34,409
282,10,take off shoe,1978,1,289,289,0.0,0,288
283,10,take off shoe,1978,2,216,216,0.0,0,215
284,10,take off shoe,1978,3,322,114,64.59627329192547,196,309
285,10,take off shoe,2045,1,275,148,46.18181818181818,40,187
286,10,take off shoe,2045,2,243,243,0.0,0,242
287,10,take off shoe,2045,3,271,104,61.62361623616236,70,173
288,10,take off shoe,2056,1,1038,378,63.58381502890173,312,689
289,10,take off shoe,2056,2,1011,402,60.23738872403561,290,691
290,10,take off shoe,2056,3,970,592,38.96907216494845,110,701
291,10,take off shoe,2097,1,448,186,58.482142857142854,40,225
292,10,take off shoe,2097,2,506,158,68.77470355731225,78,235
293,10,take off shoe,2097,3,437,142,67.50572082379863,106,247
294,10,take off shoe,2115,1,1469,648,55.88835942818244,440,1087
295,10,take off shoe,2115,2,1399,558,60.11436740528949,484,1041
296,10,take off shoe,2115,3,1292,624,51.702786377708975,362,985
297,10,take off shoe,2116,1,935,638,31.764705882352942,276,913
298,10,take off shoe,2116,2,582,306,47.422680412371136,260,565
299,10,take off shoe,2116,3,491,246,49.89816700610998,204,449
300,10,take off shoe,2136,1,511,356,30.332681017612526,16,371
301,10,take off shoe,2136,2,477,182,61.84486373165618,138,319
302,10,take off shoe,2136,3,497,200,59.758551307847085,106,305
303,10,take off shoe,2155,1,673,564,16.196136701337295,52,615
304,10,take off shoe,2155,2,623,518,16.853932584269664,60,577
305,10,take off shoe,2155,3,646,434,32.81733746130031,196,629
306,10,take off shoe,2159,1,915,490,46.44808743169399,240,729
307,10,take off shoe,2159,2,820,468,42.926829268292686,186,653
308,10,take off shoe,2159,3,822,476,42.092457420924575,224,699
309,10,take off shoe,2160,1,817,412,49.57160342717258,258,669
310,10,take off shoe,2160,2,956,612,35.98326359832636,152,763
311,10,take off shoe,2160,3,686,438,36.15160349854227,176,613
312,11,put on glasses,0,1,496,330,33.46774193548387,58,387
313,11,put on glasses,0,2,454,358,21.145374449339208,46,403
314,11,put on glasses,0,3,549,360,34.42622950819672,54,413
315,11,put on glasses,0,4,453,222,50.99337748344371,88,309
316,11,put on glasses,0,5,341,262,23.167155425219942,20,281
317,11,put on glasses,1125,1,333,234,29.72972972972973,30,263
318,11,put on glasses,1125,2,366,178,51.36612021857923,98,275
319,11,put on glasses,1125,3,416,308,25.96153846153846,6,313
320,11,put on glasses,1125,4,406,344,15.270935960591133,0,343
321,11,put on glasses,1125,5,450,312,30.666666666666668,4,315
322,11,put on glasses,1279,1,247,152,38.46153846153846,38,189
323,11,put on glasses,1279,2,225,134,40.44444444444444,18,151
324,11,put on glasses,1279,3,249,249,0.0,0,248
325,11,put on glasses,1279,4,276,276,0.0,0,275
326,11,put on glasses,1279,5,247,247,0.0,0,246
327,11,put on glasses,1313,1,343,148,56.85131195335277,28,175
328,11,put on glasses,1313,2,435,150,65.51724137931035,52,201
329,11,put on glasses,1313,3,353,144,59.20679886685552,70,213
330,11,put on glasses,1313,4,340,190,44.11764705882353,20,209
331,11,put on glasses,1313,5,365,160,56.16438356164384,32,191
332,11,put on glasses,1324,1,578,364,37.0242214532872,132,495
333,11,put on glasses,1324,2,607,378,37.72652388797364,134,511
334,11,put on glasses,1324,3,571,304,46.760070052539405,188,491
335,11,put on glasses,1324,4,577,362,37.26169844020797,124,485
336,11,put on glasses,1324,5,533,358,32.833020637898684,120,477
337,11,put on glasses,1358,1,142,142,0.0,0,141
338,11,put on glasses,1358,2,242,102,57.85123966942149,90,191
339,11,put on glasses,1358,3,211,211,0.0,0,210
340,11,put on glasses,1358,4,218,136,37.61467889908257,82,217
341,11,put on glasses,1358,5,203,170,16.25615763546798,32,201
342,11,put on glasses,1390,1,536,262,51.11940298507463,164,425
343,11,put on glasses,1390,2,526,336,36.12167300380228,122,457
344,11,put on glasses,1390,3,408,270,33.8235294117647,80,349
345,11,put on glasses,1390,4,444,306,31.08108108108108,14,319
346,11,put on glasses,1390,5,476,270,43.27731092436975,92,361
347,11,put on glasses,1396,1,194,194,0.0,0,193
348,11,put on glasses,1396,2,250,184,26.4,0,183
349,11,put on glasses,1396,3,223,223,0.0,0,222
350,11,put on glasses,1396,4,272,194,28.676470588235293,20,213
351,11,put on glasses,1396,5,338,318,5.9171597633136095,18,335
352,11,put on glasses,1405,1,2259,1560,30.942895086321382,396,1955
353,11,put on glasses,1405,2,1045,350,66.50717703349282,398,747
354,11,put on glasses,1405,3,1224,776,36.60130718954248,446,1221
355,11,put on glasses,1405,4,1421,1130,20.47853624208304,284,1413
356,11,put on glasses,1405,5,1339,1270,5.1530993278566095,48,1317
357,11,put on glasses,1435,1,189,104,44.973544973544975,42,145
358,11,put on glasses,1435,2,222,218,1.8018018018018018,4,221
359,11,put on glasses,1435,3,159,159,0.0,0,158
360,11,put on glasses,1435,4,204,110,46.07843137254902,36,145
361,11,put on glasses,1435,5,160,160,0.0,0,159
362,11,put on glasses,1453,1,189,104,44.973544973544975,42,145
363,11,put on glasses,1453,2,222,218,1.8018018018018018,4,221
364,11,put on glasses,1453,3,159,159,0.0,0,158
365,11,put on glasses,1453,4,204,110,46.07843137254902,36,145
366,11,put on glasses,1453,5,160,160,0.0,0,159
367,11,put on glasses,1505,1,282,282,0.0,0,281
368,11,put on glasses,1505,2,249,249,0.0,0,248
369,11,put on glasses,1505,3,239,194,18.828451882845187,44,237
370,11,put on glasses,1505,4,215,215,0.0,0,214
371,11,put on glasses,1505,5,284,228,19.718309859154928,38,265
372,11,put on glasses,1570,1,387,258,33.333333333333336,12,269
373,11,put on glasses,1570,2,288,260,9.722222222222221,8,267
374,11,put on glasses,1570,3,308,258,16.233766233766232,14,271
375,11,put on glasses,1570,4,285,285,0.0,0,284
376,11,put on glasses,1570,5,335,196,41.492537313432834,38,233
377,11,put on glasses,1697,1,452,270,40.26548672566372,112,381
378,11,put on glasses,1697,2,386,262,32.12435233160622,56,317
379,11,put on glasses,1697,3,485,342,29.484536082474225,74,415
380,11,put on glasses,1697,4,429,318,25.874125874125873,44,361
381,11,put on glasses,1697,5,440,314,28.636363636363637,70,383
382,11,put on glasses,1735,1,280,262,6.428571428571429,18,279
383,11,put on glasses,1735,2,359,202,43.73259052924791,14,215
384,11,put on glasses,1735,3,274,110,59.85401459854015,4,113
385,11,put on glasses,1735,4,277,124,55.234657039711195,36,159
386,11,put on glasses,1735,5,247,247,0.0,0,246
387,11,put on glasses,1751,1,1232,508,58.76623376623377,436,943
388,11,put on glasses,1751,2,1237,486,60.71139854486661,478,963
389,11,put on glasses,1751,3,1032,368,64.34108527131782,460,827
390,11,put on glasses,1751,4,1443,782,45.807345807345804,510,1291
391,11,put on glasses,1751,5,1573,1254,20.27972027972028,10,1263
392,11,put on glasses,1777,1,344,276,19.767441860465116,20,295
393,11,put on glasses,1777,2,341,248,27.272727272727273,92,339
394,11,put on glasses,1777,3,349,278,20.34383954154728,42,319
395,11,put on glasses,1777,4,298,264,11.409395973154362,34,297
396,11,put on glasses,1777,5,346,244,29.479768786127167,76,319
397,11,put on glasses,1803,1,204,102,50.0,40,141
398,11,put on glasses,1803,2,247,142,42.51012145748988,50,191
399,11,put on glasses,1803,3,277,204,26.353790613718413,0,203
400,11,put on glasses,1803,4,151,151,0.0,0,150
401,11,put on glasses,1803,5,162,162,0.0,0,161
402,11,put on glasses,1825,1,603,394,34.660033167495854,102,495
403,11,put on glasses,1825,2,736,430,41.57608695652174,196,625
404,11,put on glasses,1825,3,766,544,28.98172323759791,52,595
405,11,put on glasses,1825,4,845,682,19.28994082840237,92,773
406,11,put on glasses,1825,5,881,614,30.306469920544835,86,699
407,11,put on glasses,1975,1,184,184,0.0,0,183
408,11,put on glasses,1975,2,196,196,0.0,0,195
409,11,put on glasses,1975,3,205,205,0.0,0,204
410,11,put on glasses,1975,4,203,203,0.0,0,202
411,11,put on glasses,1975,5,184,184,0.0,0,183
412,11,put on glasses,1978,1,185,185,0.0,0,184
413,11,put on glasses,1978,2,201,201,0.0,0,200
414,11,put on glasses,1978,3,230,230,0.0,0,229
415,11,put on glasses,1978,4,163,163,0.0,0,162
416,11,put on glasses,1978,5,208,172,17.307692307692307,34,205
417,11,put on glasses,2045,1,365,365,0.0,0,364
418,11,put on glasses,2045,2,424,298,29.71698113207547,108,405
419,11,put on glasses,2045,3,275,275,0.0,0,274
420,11,put on glasses,2045,4,335,236,29.55223880597015,98,333
421,11,put on glasses,2045,5,267,156,41.57303370786517,110,265
422,11,put on glasses,2056,1,907,278,69.34950385887541,330,607
423,11,put on glasses,2056,2,883,350,60.362400906002264,230,579
424,11,put on glasses,2056,3,882,310,64.85260770975057,290,599
425,11,put on glasses,2056,4,904,456,49.557522123893804,74,529
426,11,put on glasses,2056,5,858,284,66.8997668997669,320,603
427,11,put on glasses,2097,1,335,158,52.83582089552239,132,289
428,11,put on glasses,2097,2,284,146,48.59154929577465,90,235
429,11,put on glasses,2097,3,398,222,44.221105527638194,20,241
430,11,put on glasses,2097,4,280,226,19.285714285714285,52,277
431,11,put on glasses,2097,5,300,196,34.666666666666664,68,263
432,11,put on glasses,2115,1,1382,452,67.29377713458756,510,961
433,11,put on glasses,2115,2,1348,674,50.0,180,853
434,11,put on glasses,2115,3,1472,948,35.59782608695652,4,951
435,11,put on glasses,2115,4,1304,410,68.55828220858896,448,857
436,11,put on glasses,2115,5,1302,810,37.78801843317972,442,1251
437,11,put on glasses,2116,1,496,354,28.629032258064516,68,421
438,11,put on glasses,2116,2,403,272,32.50620347394541,96,367
439,11,put on glasses,2116,3,345,286,17.10144927536232,48,333
440,11,put on glasses,2116,4,406,378,6.896551724137931,20,397
441,11,put on glasses,2116,5,294,208,29.25170068027211,80,287
442,11,put on glasses,2136,1,387,236,39.01808785529716,62,297
443,11,put on glasses,2136,2,393,338,13.994910941475826,42,379
444,11,put on glasses,2136,3,385,344,10.64935064935065,40,383
445,11,put on glasses,2136,4,320,116,63.75,22,137
446,11,put on glasses,2136,5,460,346,24.782608695652176,102,447
447,11,put on glasses,2155,1,199,199,0.0,0,198
448,11,put on glasses,2155,2,175,175,0.0,0,174
449,11,put on glasses,2155,3,159,159,0.0,0,158
450,11,put on glasses,2155,4,276,276,0.0,0,275
451,11,put on glasses,2155,5,241,241,0.0,0,240
452,11,put on glasses,2159,1,735,438,40.40816326530612,46,483
453,11,put on glasses,2159,2,538,434,19.33085501858736,46,479
454,11,put on glasses,2159,3,593,420,29.17369308600337,82,501
455,11,put on glasses,2159,4,612,454,25.81699346405229,36,489
456,11,put on glasses,2159,5,659,466,29.28679817905918,32,497
457,11,put on glasses,2160,1,352,266,24.431818181818183,58,323
458,11,put on glasses,2160,2,321,250,22.118380062305295,38,287
459,11,put on glasses,2160,3,381,314,17.58530183727034,32,345
460,11,put on glasses,2160,4,224,172,23.214285714285715,44,215
461,11,put on glasses,2160,5,297,296,0.3367003367003367,0,295
462,12,take off glasses,0,1,507,198,60.946745562130175,70,267
463,12,take off glasses,0,2,475,374,21.263157894736842,14,387
464,12,take off glasses,0,3,433,222,48.729792147806,84,305
465,12,take off glasses,0,4,474,334,29.535864978902953,20,353
466,12,take off glasses,0,5,541,292,46.02587800369686,70,361
467,12,take off glasses,1125,1,305,248,18.688524590163933,2,249
468,12,take off glasses,1125,2,366,138,62.295081967213115,162,299
469,12,take off glasses,1125,3,290,118,59.310344827586206,116,233
470,12,take off glasses,1125,4,307,246,19.86970684039088,2,247
471,12,take off glasses,1125,5,345,266,22.89855072463768,24,289
472,12,take off glasses,1279,1,255,255,0.0,0,254
473,12,take off glasses,1279,2,247,198,19.838056680161944,0,197
474,12,take off glasses,1279,3,238,140,41.1764705882353,48,187
475,12,take off glasses,1279,4,259,152,41.31274131274131,52,203
476,12,take off glasses,1279,5,301,301,0.0,0,300
477,12,take off glasses,1313,1,350,136,61.142857142857146,100,235
478,12,take off glasses,1313,2,309,168,45.63106796116505,14,181
479,12,take off glasses,1313,3,446,152,65.91928251121077,56,207
480,12,take off glasses,1313,4,308,166,46.103896103896105,38,203
481,12,take off glasses,1313,5,399,188,52.88220551378446,42,229
482,12,take off glasses,1324,1,539,268,50.278293135435995,182,449
483,12,take off glasses,1324,2,484,282,41.735537190082646,86,367
484,12,take off glasses,1324,3,492,304,38.21138211382114,134,437
485,12,take off glasses,1324,4,478,240,49.7907949790795,114,353
486,12,take off glasses,1324,5,504,338,32.93650793650794,110,447
487,12,take off glasses,1358,1,235,190,19.148936170212767,34,223
488,12,take off glasses,1358,2,214,164,23.364485981308412,50,213
489,12,take off glasses,1358,3,204,204,0.0,0,203
490,12,take off glasses,1358,4,257,208,19.06614785992218,36,243
491,12,take off glasses,1358,5,231,108,53.246753246753244,108,215
492,12,take off glasses,1390,1,496,222,55.24193548387097,60,281
493,12,take off glasses,1390,2,372,188,49.46236559139785,22,209
494,12,take off glasses,1390,3,330,132,60.0,34,165
495,12,take off glasses,1390,4,342,342,0.0,0,341
496,12,take off glasses,1390,5,307,142,53.74592833876221,20,161
497,12,take off glasses,1396,1,162,162,0.0,0,161
498,12,take off glasses,1396,2,163,163,0.0,0,162
499,12,take off glasses,1396,3,134,134,0.0,0,133
500,12,take off glasses,1396,4,137,137,0.0,0,136
501,12,take off glasses,1396,5,147,147,0.0,0,146
502,12,take off glasses,1405,1,1247,752,39.695268644747394,60,811
503,12,take off glasses,1405,2,1375,1112,19.12727272727273,258,1369
504,12,take off glasses,1405,3,1237,394,68.14874696847211,504,897
505,12,take off glasses,1405,4,1277,1030,19.342208300704776,128,1157
506,12,take off glasses,1405,5,1319,418,68.30932524639879,444,861
507,12,take off glasses,1435,1,243,146,39.91769547325103,80,225
508,12,take off glasses,1435,2,224,224,0.0,0,223
509,12,take off glasses,1435,3,202,130,35.64356435643565,54,183
510,12,take off glasses,1435,4,227,186,18.061674008810574,28,213
511,12,take off glasses,1435,5,263,196,25.475285171102662,46,241
512,12,take off glasses,1453,1,243,146,39.91769547325103,80,225
513,12,take off glasses,1453,2,224,224,0.0,0,223
514,12,take off glasses,1453,3,202,130,35.64356435643565,54,183
515,12,take off glasses,1453,4,227,186,18.061674008810574,28,213
516,12,take off glasses,1453,5,263,196,25.475285171102662,46,241
517,12,take off glasses,1505,1,276,156,43.47826086956522,112,267
518,12,take off glasses,1505,2,441,300,31.972789115646258,42,341
519,12,take off glasses,1505,3,203,130,35.960591133004925,72,201
520,12,take off glasses,1505,4,232,232,0.0,0,231
521,12,take off glasses,1505,5,226,226,0.0,0,225
522,12,take off glasses,1570,1,251,251,0.0,0,250
523,12,take off glasses,1570,2,383,232,39.425587467362924,18,249
524,12,take off glasses,1570,3,295,295,0.0,0,294
525,12,take off glasses,1570,4,275,178,35.27272727272727,42,219
526,12,take off glasses,1570,5,235,162,31.06382978723404,26,187
527,12,take off glasses,1697,1,383,312,18.5378590078329,0,311
528,12,take off glasses,1697,2,481,330,31.39293139293139,24,353
529,12,take off glasses,1697,3,459,306,33.333333333333336,72,377
530,12,take off glasses,1697,4,456,306,32.89473684210526,88,393
531,12,take off glasses,1697,5,426,302,29.107981220657276,64,365
532,12,take off glasses,1735,1,200,200,0.0,0,199
533,12,take off glasses,1735,2,200,200,0.0,0,199
534,12,take off glasses,1735,3,214,124,42.05607476635514,90,213
535,12,take off glasses,1735,4,418,300,28.229665071770334,48,347
536,12,take off glasses,1735,5,211,211,0.0,0,210
537,12,take off glasses,1751,1,1454,642,55.84594222833562,476,1117
538,12,take off glasses,1751,2,1391,630,54.70884255930985,512,1141
539,12,take off glasses,1751,3,1370,526,61.605839416058394,346,871
540,12,take off glasses,1751,4,1140,714,37.36842105263158,112,825
541,12,take off glasses,1751,5,1496,1276,14.705882352941176,24,1299
542,12,take off glasses,1777,1,232,154,33.62068965517241,52,205
543,12,take off glasses,1777,2,289,278,3.8062283737024223,0,277
544,12,take off glasses,1777,3,280,226,19.285714285714285,28,253
545,12,take off glasses,1777,4,323,323,0.0,0,322
546,12,take off glasses,1777,5,286,286,0.0,0,285
547,12,take off glasses,1803,1,152,152,0.0,0,151
548,12,take off glasses,1803,2,250,194,22.4,16,209
549,12,take off glasses,1803,3,202,184,8.910891089108912,10,193
550,12,take off glasses,1803,4,239,182,23.84937238493724,24,205
551,12,take off glasses,1803,5,194,144,25.77319587628866,12,155
552,12,take off glasses,1825,1,563,314,44.227353463587924,20,333
553,12,take off glasses,1825,2,590,302,48.813559322033896,222,523
554,12,take off glasses,1825,3,852,552,35.2112676056338,64,615
555,12,take off glasses,1825,4,633,556,12.164296998420221,14,569
556,12,take off glasses,1825,5,664,310,53.31325301204819,284,593
557,12,take off glasses,1975,1,127,127,0.0,0,126
558,12,take off glasses,1975,2,119,119,0.0,0,118
559,12,take off glasses,1975,3,119,119,0.0,0,118
560,12,take off glasses,1975,4,137,137,0.0,0,136
561,12,take off glasses,1975,5,180,180,0.0,0,179
562,12,take off glasses,1978,1,242,242,0.0,0,241
563,12,take off glasses,1978,2,230,230,0.0,0,229
564,12,take off glasses,1978,3,262,112,57.25190839694657,102,213
565,12,take off glasses,1978,4,215,215,0.0,0,214
566,12,take off glasses,1978,5,180,180,0.0,0,179
567,12,take off glasses,2045,1,437,386,11.670480549199084,50,435
568,12,take off glasses,2045,2,239,204,14.644351464435147,18,221
569,12,take off glasses,2045,3,295,176,40.33898305084746,110,285
570,12,take off glasses,2045,4,302,234,22.516556291390728,56,289
571,12,take off glasses,2045,5,324,136,58.02469135802469,144,279
572,12,take off glasses,2056,1,885,818,7.570621468926554,30,847
573,12,take off glasses,2056,2,612,218,64.37908496732027,254,471
574,12,take off glasses,2056,3,511,222,56.55577299412916,190,411
575,12,take off glasses,2056,4,609,222,63.54679802955665,230,451
576,12,take off glasses,2056,5,728,284,60.989010989010985,276,559
577,12,take off glasses,2097,1,751,618,17.70972037283622,48,665
578,12,take off glasses,2097,2,264,264,0.0,0,263
579,12,take off glasses,2097,3,244,244,0.0,0,243
580,12,take off glasses,2097,4,403,300,25.558312655086848,6,305
581,12,take off glasses,2097,5,289,289,0.0,0,288
582,12,take off glasses,2115,1,1184,852,28.04054054054054,332,1183
583,12,take off glasses,2115,2,1337,770,42.40837696335078,108,877
584,12,take off glasses,2115,3,1423,882,38.01827125790583,44,925
585,12,take off glasses,2115,4,1335,1218,8.764044943820224,36,1253
586,12,take off glasses,2115,5,1424,914,35.81460674157304,0,913
587,12,take off glasses,2116,1,237,170,28.270042194092827,46,215
588,12,take off glasses,2116,2,257,182,29.182879377431906,42,223
589,12,take off glasses,2116,3,253,253,0.0,0,252
590,12,take off glasses,2116,4,261,186,28.735632183908045,50,235
591,12,take off glasses,2116,5,261,132,49.42528735632184,84,215
592,12,take off glasses,2136,1,324,324,0.0,0,323
593,12,take off glasses,2136,2,419,130,68.97374701670644,176,305
594,12,take off glasses,2136,3,477,298,37.526205450733755,110,407
595,12,take off glasses,2136,4,418,258,38.27751196172249,68,325
596,12,take off glasses,2136,5,381,212,44.356955380577425,0,211
597,12,take off glasses,2155,1,209,209,0.0,0,208
598,12,take off glasses,2155,2,298,128,57.04697986577181,116,243
599,12,take off glasses,2155,3,250,106,57.6,114,219
600,12,take off glasses,2155,4,262,262,0.0,0,261
601,12,take off glasses,2155,5,251,118,52.98804780876494,104,221
602,12,take off glasses,2159,1,425,252,40.705882352941174,70,321
603,12,take off glasses,2159,2,507,370,27.021696252465482,56,425
604,12,take off glasses,2159,3,464,360,22.413793103448278,54,413
605,12,take off glasses,2159,4,495,166,66.46464646464646,228,393
606,12,take off glasses,2159,5,424,330,22.169811320754718,28,357
607,12,take off glasses,2160,1,336,158,52.976190476190474,78,235
608,12,take off glasses,2160,2,220,220,0.0,0,219
609,12,take off glasses,2160,3,335,162,51.64179104477612,100,261
610,12,take off glasses,2160,4,337,102,69.73293768545994,170,271
611,12,take off glasses,2160,5,338,156,53.84615384615385,76,231
612,13,sit down,0,1,545,188,65.5045871559633,182,369
613,13,sit down,0,2,464,298,35.775862068965516,80,377
614,13,sit down,0,3,682,210,69.20821114369501,186,395
615,13,sit down,0,4,603,234,61.19402985074627,150,383
616,13,sit down,0,5,513,246,52.046783625730995,114,359
617,13,sit down,1125,1,357,204,42.857142857142854,76,279
618,13,sit down,1125,2,399,254,36.340852130325814,84,337
619,13,sit down,1125,3,405,254,37.28395061728395,90,343
620,13,sit down,1125,4,403,244,39.45409429280397,80,323
621,13,sit down,1125,5,399,104,73.93483709273183,250,353
622,13,sit down,1279,1,239,118,50.62761506276151,60,177
623,13,sit down,1279,2,259,259,0.0,0,258
624,13,sit down,1279,3,247,128,48.178137651821864,118,245
625,13,sit down,1279,4,253,198,21.73913043478261,36,233
626,13,sit down,1279,5,243,243,0.0,0,242
627,13,sit down,1313,1,272,272,0.0,0,271
628,13,sit down,1313,2,248,248,0.0,0,247
629,13,sit down,1313,3,264,264,0.0,0,263
630,13,sit down,1313,4,293,293,0.0,0,292
631,13,sit down,1313,5,278,278,0.0,0,277
632,13,sit down,1324,1,310,136,56.12903225806452,116,251
633,13,sit down,1324,2,305,110,63.9344262295082,116,225
634,13,sit down,1324,3,304,118,61.18421052631579,138,255
635,13,sit down,1324,4,328,136,58.53658536585366,84,219
636,13,sit down,1324,5,253,108,57.312252964426875,82,189
637,13,sit down,1358,1,178,178,0.0,0,177
638,13,sit down,1358,2,175,102,41.714285714285715,56,157
639,13,sit down,1358,3,179,179,0.0,0,178
640,13,sit down,1358,4,199,199,0.0,0,198
641,13,sit down,1358,5,187,187,0.0,0,186
642,13,sit down,1390,1,357,118,66.9467787114846,130,247
643,13,sit down,1390,2,324,134,58.641975308641975,130,263
644,13,sit down,1390,3,376,114,69.68085106382979,32,145
645,13,sit down,1390,4,215,215,0.0,0,214
646,13,sit down,1390,5,244,244,0.0,0,243
647,13,sit down,1396,1,148,148,0.0,0,147
648,13,sit down,1396,2,230,230,0.0,0,229
649,13,sit down,1396,3,207,207,0.0,0,206
650,13,sit down,1396,4,185,185,0.0,0,184
651,13,sit down,1396,5,228,228,0.0,0,227
652,13,sit down,1405,1,1244,338,72.82958199356914,500,837
653,13,sit down,1405,2,1025,524,48.8780487804878,190,713
654,13,sit down,1405,3,1114,338,69.65888689407541,406,743
655,13,sit down,1405,4,1032,602,41.666666666666664,80,681
656,13,sit down,1405,5,1122,330,70.58823529411765,468,797
657,13,sit down,1435,1,203,203,0.0,0,202
658,13,sit down,1435,2,215,215,0.0,0,214
659,13,sit down,1435,3,200,200,0.0,0,199
660,13,sit down,1435,4,161,161,0.0,0,160
661,13,sit down,1435,5,222,222,0.0,0,221
662,13,sit down,1453,1,203,203,0.0,0,202
663,13,sit down,1453,2,215,215,0.0,0,214
664,13,sit down,1453,3,200,200,0.0,0,199
665,13,sit down,1453,4,161,161,0.0,0,160
666,13,sit down,1453,5,222,222,0.0,0,221
667,13,sit down,1505,1,296,150,49.32432432432432,36,185
668,13,sit down,1505,2,203,203,0.0,0,202
669,13,sit down,1505,3,224,224,0.0,0,223
670,13,sit down,1505,4,677,544,19.64549483013294,28,571
671,13,sit down,1505,5,241,166,31.12033195020747,62,227
672,13,sit down,1570,1,320,272,15.0,4,275
673,13,sit down,1570,2,336,222,33.92857142857143,62,283
674,13,sit down,1570,3,398,270,32.1608040201005,56,325
675,13,sit down,1570,4,384,286,25.520833333333332,46,331
676,13,sit down,1570,5,367,186,49.31880108991825,138,323
677,13,sit down,1697,1,320,128,60.0,138,265
678,13,sit down,1697,2,420,318,24.285714285714285,32,349
679,13,sit down,1697,3,552,434,21.3768115942029,36,469
680,13,sit down,1697,4,420,324,22.857142857142858,12,335
681,13,sit down,1697,5,514,444,13.618677042801556,14,457
682,13,sit down,1735,1,194,194,0.0,0,193
683,13,sit down,1735,2,174,114,34.48275862068966,60,173
684,13,sit down,1735,3,391,222,43.22250639386189,102,323
685,13,sit down,1735,4,297,297,0.0,0,296
686,13,sit down,1735,5,231,231,0.0,0,230
687,13,sit down,1751,1,1297,628,51.58057054741712,78,705
688,13,sit down,1751,2,831,494,40.55354993983153,0,493
689,13,sit down,1751,3,994,842,15.29175050301811,150,991
690,13,sit down,1751,4,938,372,60.3411513859275,440,811
691,13,sit down,1751,5,1006,544,45.92445328031809,426,969
692,13,sit down,1777,1,198,134,32.323232323232325,2,135
693,13,sit down,1777,2,267,136,49.06367041198502,24,159
694,13,sit down,1777,3,274,274,0.0,0,273
695,13,sit down,1777,4,208,208,0.0,0,207
696,13,sit down,1777,5,220,220,0.0,0,219
697,13,sit down,1803,1,173,173,0.0,0,172
698,13,sit down,1803,2,180,180,0.0,0,179
699,13,sit down,1803,3,206,206,0.0,0,205
700,13,sit down,1803,4,178,178,0.0,0,177
701,13,sit down,1803,5,193,193,0.0,0,192
702,13,sit down,1825,1,458,274,40.17467248908297,54,327
703,13,sit down,1825,2,654,336,48.62385321100918,166,501
704,13,sit down,1825,3,555,342,38.37837837837838,52,393
705,13,sit down,1825,4,593,302,49.07251264755481,74,375
706,13,sit down,1825,5,520,298,42.69230769230769,38,335
707,13,sit down,1975,1,176,176,0.0,0,175
708,13,sit down,1975,2,372,304,18.27956989247312,0,303
709,13,sit down,1975,3,191,191,0.0,0,190
710,13,sit down,1975,4,167,167,0.0,0,166
711,13,sit down,1975,5,177,177,0.0,0,176
712,13,sit down,1978,1,188,188,0.0,0,187
713,13,sit down,1978,2,229,110,51.96506550218341,116,225
714,13,sit down,1978,3,204,204,0.0,0,203
715,13,sit down,1978,4,220,116,47.27272727272727,46,161
716,13,sit down,1978,5,186,186,0.0,0,185
717,13,sit down,2045,1,211,211,0.0,0,210
718,13,sit down,2045,2,181,181,0.0,0,180
719,13,sit down,2045,3,224,224,0.0,0,223
720,13,sit down,2045,4,206,206,0.0,0,205
721,13,sit down,2045,5,213,213,0.0,0,212
722,13,sit down,2056,1,435,166,61.839080459770116,216,381
723,13,sit down,2056,2,594,206,65.31986531986531,232,437
724,13,sit down,2056,3,539,148,72.5417439703154,288,435
725,13,sit down,2056,4,660,478,27.575757575757574,10,487
726,13,sit down,2056,5,748,200,73.2620320855615,282,481
727,13,sit down,2097,1,276,160,42.028985507246375,70,229
728,13,sit down,2097,2,331,218,34.13897280966767,90,307
729,13,sit down,2097,3,243,243,0.0,0,242
730,13,sit down,2097,4,243,140,42.38683127572016,74,213
731,13,sit down,2097,5,259,190,26.64092664092664,60,249
732,13,sit down,2115,1,1324,366,72.35649546827794,484,849
733,13,sit down,2115,2,1241,602,51.49073327961322,180,781
734,13,sit down,2115,3,1151,288,74.97827975673327,434,721
735,13,sit down,2115,4,1127,372,66.99201419698313,318,689
736,13,sit down,2115,5,1245,646,48.11244979919679,160,805
737,13,sit down,2116,1,341,226,33.72434017595308,92,317
738,13,sit down,2116,2,245,120,51.02040816326531,106,225
739,13,sit down,2116,3,327,106,67.58409785932722,120,225
740,13,sit down,2116,4,306,134,56.209150326797385,70,203
741,13,sit down,2116,5,268,112,58.208955223880594,98,209
742,13,sit down,2136,1,314,166,47.13375796178344,92,257
743,13,sit down,2136,2,462,146,68.3982683982684,134,279
744,13,sit down,2136,3,470,228,51.48936170212766,154,381
745,13,sit down,2136,4,387,166,57.10594315245478,54,219
746,13,sit down,2136,5,446,298,33.18385650224215,80,377
747,13,sit down,2155,1,339,118,65.19174041297936,172,289
748,13,sit down,2155,2,223,172,22.869955156950674,12,183
749,13,sit down,2155,3,213,213,0.0,0,212
750,13,sit down,2155,4,215,146,32.093023255813954,66,211
751,13,sit down,2155,5,222,222,0.0,0,221
752,13,sit down,2159,1,372,134,63.97849462365591,72,205
753,13,sit down,2159,2,414,186,55.072463768115945,70,255
754,13,sit down,2159,3,443,210,52.59593679458239,86,295
755,13,sit down,2159,4,448,180,59.82142857142857,36,215
756,13,sit down,2159,5,472,216,54.23728813559322,74,289
757,13,sit down,2160,1,439,116,73.57630979498862,134,249
758,13,sit down,2160,2,403,130,67.74193548387096,150,279
759,13,sit down,2160,3,332,198,40.36144578313253,80,277
760,14,stand up,0,1,535,298,44.299065420560744,20,317
761,14,stand up,0,2,499,182,63.52705410821643,88,269
762,14,stand up,0,3,408,126,69.11764705882354,50,175
763,14,stand up,0,4,492,140,71.54471544715447,52,191
764,14,stand up,0,5,469,134,71.42857142857143,56,189
765,14,stand up,1125,1,399,140,64.91228070175438,2,141
766,14,stand up,1125,2,347,156,55.04322766570605,4,159
767,14,stand up,1125,3,305,176,42.295081967213115,2,177
768,14,stand up,1125,4,375,306,18.4,2,307
769,14,stand up,1125,5,327,146,55.35168195718654,0,145
770,14,stand up,1279,1,151,151,0.0,0,150
771,14,stand up,1279,2,150,150,0.0,0,149
772,14,stand up,1279,3,139,139,0.0,0,138
773,14,stand up,1279,4,139,139,0.0,0,138
774,14,stand up,1279,5,170,170,0.0,0,169
775,14,stand up,1313,1,227,227,0.0,0,226
776,14,stand up,1313,2,301,301,0.0,0,300
777,14,stand up,1313,3,268,170,36.56716417910448,32,201
778,14,stand up,1313,4,275,120,56.36363636363637,32,151
779,14,stand up,1313,5,236,106,55.08474576271186,16,121
780,14,stand up,1324,1,324,158,51.23456790123457,80,237
781,14,stand up,1324,2,309,309,0.0,0,308
782,14,stand up,1324,3,242,242,0.0,0,241
783,14,stand up,1324,4,215,126,41.395348837209305,8,133
784,14,stand up,1324,5,280,280,0.0,0,279
785,14,stand up,1358,1,190,190,0.0,0,189
786,14,stand up,1358,2,183,183,0.0,0,182
787,14,stand up,1358,3,172,172,0.0,0,171
788,14,stand up,1358,4,172,172,0.0,0,171
789,14,stand up,1358,5,172,172,0.0,0,171
790,14,stand up,1390,1,316,316,0.0,0,315
791,14,stand up,1390,2,286,286,0.0,0,285
792,14,stand up,1390,3,272,272,0.0,0,271
793,14,stand up,1390,4,273,273,0.0,0,272
794,14,stand up,1390,5,282,282,0.0,0,281
795,14,stand up,1396,1,151,151,0.0,0,150
796,14,stand up,1396,2,175,175,0.0,0,174
797,14,stand up,1396,3,170,170,0.0,0,169
798,14,stand up,1396,4,124,124,0.0,0,123
799,14,stand up,1396,5,160,160,0.0,0,159
800,14,stand up,1405,1,1256,640,49.044585987261144,504,1143
801,14,stand up,1405,2,1380,1132,17.971014492753625,0,1131
802,14,stand up,1405,3,1112,326,70.68345323741008,440,765
803,14,stand up,1405,4,1177,738,37.2982158028887,160,897
804,14,stand up,1405,5,1197,758,36.6750208855472,436,1193
805,14,stand up,1435,1,196,196,0.0,0,195
806,14,stand up,1435,2,176,176,0.0,0,175
807,14,stand up,1435,3,169,169,0.0,0,168
808,14,stand up,1435,4,216,102,52.77777777777778,76,177
810,14,stand up,1453,1,196,196,0.0,0,195
811,14,stand up,1453,2,176,176,0.0,0,175
812,14,stand up,1453,3,169,169,0.0,0,168
813,14,stand up,1453,4,216,102,52.77777777777778,76,177
815,14,stand up,1505,1,146,146,0.0,0,145
816,14,stand up,1505,2,285,172,39.64912280701754,20,191
817,14,stand up,1505,3,137,137,0.0,0,136
818,14,stand up,1505,4,230,230,0.0,0,229
819,14,stand up,1505,5,108,108,0.0,0,107
820,14,stand up,1570,1,396,270,31.818181818181817,6,275
821,14,stand up,1570,2,455,306,32.747252747252745,10,315
822,14,stand up,1570,3,380,216,43.1578947368421,12,227
823,14,stand up,1570,4,436,236,45.87155963302752,14,249
824,14,stand up,1570,5,328,236,28.048780487804876,14,249
825,14,stand up,1697,1,468,210,55.12820512820513,126,335
826,14,stand up,1697,2,431,252,41.53132250580047,80,331
827,14,stand up,1697,3,384,246,35.9375,92,337
828,14,stand up,1697,4,372,186,50.0,92,277
829,14,stand up,1697,5,404,244,39.603960396039604,46,289
830,14,stand up,1735,1,354,328,7.344632768361582,0,327
831,14,stand up,1735,2,176,176,0.0,0,175
832,14,stand up,1735,3,218,218,0.0,0,217
833,14,stand up,1735,4,195,195,0.0,0,194
834,14,stand up,1735,5,185,185,0.0,0,184
835,14,stand up,1751,1,946,646,31.712473572938688,18,663
836,14,stand up,1751,2,939,624,33.546325878594246,314,937
837,14,stand up,1751,3,968,382,60.53719008264463,304,685
838,14,stand up,1751,4,997,600,39.81945837512538,158,757
839,14,stand up,1751,5,953,266,72.0881427072403,448,713
840,14,stand up,1777,1,213,213,0.0,0,212
841,14,stand up,1777,2,258,258,0.0,0,257
842,14,stand up,1777,3,275,158,42.54545454545455,88,245
843,14,stand up,1777,4,481,406,15.592515592515593,66,471
844,14,stand up,1777,5,201,201,0.0,0,200
845,14,stand up,1803,1,206,206,0.0,0,205
846,14,stand up,1803,2,164,164,0.0,0,163
847,14,stand up,1803,3,165,165,0.0,0,164
848,14,stand up,1803,4,161,161,0.0,0,160
849,14,stand up,1803,5,186,186,0.0,0,185
850,14,stand up,1825,1,466,230,50.64377682403433,78,307
851,14,stand up,1825,2,637,358,43.79905808477237,134,491
852,14,stand up,1825,3,452,206,54.424778761061944,98,303
853,14,stand up,1825,4,468,252,46.15384615384615,50,301
854,14,stand up,1825,5,496,388,21.774193548387096,14,401
855,14,stand up,1975,1,207,110,46.85990338164251,24,133
856,14,stand up,1975,2,250,250,0.0,0,249
857,14,stand up,1975,3,172,172,0.0,0,171
858,14,stand up,1975,4,173,173,0.0,0,172
859,14,stand up,1975,5,229,229,0.0,0,228
860,14,stand up,1978,1,177,154,12.994350282485875,18,171
861,14,stand up,1978,2,176,176,0.0,0,175
862,14,stand up,1978,3,197,197,0.0,0,196
863,14,stand up,1978,4,168,168,0.0,0,167
864,14,stand up,1978,5,169,169,0.0,0,168
865,14,stand up,2045,1,185,185,0.0,0,184
866,14,stand up,2045,2,172,106,38.372093023255815,0,105
867,14,stand up,2045,3,183,183,0.0,0,182
868,14,stand up,2045,4,201,201,0.0,0,200
869,14,stand up,2045,5,200,200,0.0,0,199
870,14,stand up,2056,1,522,296,43.29501915708812,226,521
871,14,stand up,2056,2,809,568,29.789864029666255,240,807
872,14,stand up,2056,3,684,430,37.134502923976605,254,683
873,14,stand up,2056,4,594,298,49.831649831649834,274,571
874,14,stand up,2056,5,632,286,54.74683544303797,296,581
875,14,stand up,2097,1,353,118,66.57223796033995,46,163
876,14,stand up,2097,2,360,208,42.22222222222222,18,225
877,14,stand up,2097,3,342,146,57.30994152046784,48,193
878,14,stand up,2097,4,281,130,53.736654804270465,38,167
879,14,stand up,2097,5,320,120,62.5,42,161
880,14,stand up,2115,1,1176,680,42.17687074829932,0,679
881,14,stand up,2115,2,1381,712,48.443157132512674,548,1259
882,14,stand up,2115,3,938,266,71.64179104477611,440,705
883,14,stand up,2115,4,1082,350,67.65249537892791,500,849
884,14,stand up,2115,5,1038,336,67.6300578034682,500,835
885,14,stand up,2116,1,212,212,0.0,0,211
886,14,stand up,2116,2,737,224,69.60651289009498,508,731
887,14,stand up,2116,3,201,201,0.0,0,200
888,14,stand up,2116,4,209,209,0.0,0,208
889,14,stand up,2116,5,229,136,40.61135371179039,80,215
890,14,stand up,2136,1,476,218,54.20168067226891,64,281
891,14,stand up,2136,2,444,378,14.864864864864865,52,429
892,14,stand up,2136,3,355,355,0.0,0,354
893,14,stand up,2136,4,426,162,61.971830985915496,92,253
894,14,stand up,2136,5,370,286,22.7027027027027,64,349
895,14,stand up,2155,1,168,168,0.0,0,167
896,14,stand up,2155,2,196,110,43.87755102040816,12,121
897,14,stand up,2155,3,187,187,0.0,0,186
898,14,stand up,2155,4,190,190,0.0,0,189
899,14,stand up,2155,5,170,170,0.0,0,169
900,14,stand up,2159,1,397,128,67.75818639798489,72,199
901,14,stand up,2159,2,443,200,54.853273137697514,84,283
902,14,stand up,2159,3,413,180,56.416464891041166,106,285
903,14,stand up,2159,4,483,186,61.49068322981366,60,245
904,14,stand up,2160,1,300,104,65.33333333333333,92,195
905,14,stand up,2160,2,326,102,68.71165644171779,126,227
906,14,stand up,2160,3,309,309,0.0,0,308
907,14,stand up,2160,4,348,348,0.0,0,347
908,14,stand up,2160,5,305,196,35.73770491803279,2,197
909,15,writing,0,1,3533,3306,6.42513444664591,34,3339
910,15,writing,0,2,5028,4914,2.2673031026252985,0,4913
911,15,writing,0,3,6078,5858,3.6196117143797304,0,5857
912,15,writing,0,4,5737,5558,3.1200976119923305,82,5639
913,15,writing,1125,1,1789,1496,16.377864728898825,42,1537
914,15,writing,1125,2,1741,1574,9.592188397472716,56,1629
915,15,writing,1125,3,1951,1834,5.996924654023577,2,1835
916,15,writing,1125,4,2288,2130,6.905594405594406,54,2183
917,15,writing,1125,5,2896,2762,4.62707182320442,48,2809
918,15,writing,1279,1,1283,1182,7.872174590802806,36,1217
919,15,writing,1279,2,1360,1194,12.205882352941176,142,1335
920,15,writing,1279,3,1371,1142,16.703136396790665,192,1333
921,15,writing,1279,4,1450,1014,30.06896551724138,328,1341
922,15,writing,1279,5,1333,1148,13.87846961740435,134,1281
923,15,writing,1313,1,1318,968,26.555386949924127,194,1161
924,15,writing,1313,2,1152,856,25.694444444444443,190,1045
925,15,writing,1313,3,1263,918,27.315914489311165,322,1239
926,15,writing,1313,4,1463,1180,19.343814080656188,124,1303
927,15,writing,1313,5,1488,732,50.806451612903224,384,1115
928,15,writing,1324,1,1672,1262,24.52153110047847,166,1427
929,15,writing,1324,2,1996,1532,23.246492985971944,186,1717
930,15,writing,1324,3,1933,1752,9.363683393688566,114,1865
931,15,writing,1324,4,2352,2108,10.374149659863946,98,2205
932,15,writing,1324,5,2197,2012,8.420573509330906,100,2111
933,15,writing,1358,1,1300,1076,17.23076923076923,224,1299
934,15,writing,1358,2,1328,1102,17.018072289156628,56,1157
935,15,writing,1358,3,1340,1106,17.46268656716418,220,1325
936,15,writing,1358,4,1344,1126,16.220238095238095,104,1229
937,15,writing,1358,5,1312,888,32.31707317073171,248,1135
938,15,writing,1390,1,2251,2000,11.150599733451799,88,2087
939,15,writing,1390,2,1702,1414,16.92126909518214,50,1463
940,15,writing,1390,3,2189,1618,26.084970306075835,400,2017
941,15,writing,1390,4,1780,1466,17.640449438202246,188,1653
942,15,writing,1390,5,1887,1644,12.87758346581876,136,1779
943,15,writing,1396,1,1106,816,26.220614828209765,0,815
944,15,writing,1396,2,1134,994,12.345679012345679,82,1075
945,15,writing,1396,3,1228,1038,15.472312703583063,126,1163
946,15,writing,1396,4,1008,502,50.198412698412696,104,605
947,15,writing,1396,5,1088,950,12.683823529411764,88,1037
948,15,writing,1405,1,2660,1610,39.473684210526315,472,2081
949,15,writing,1405,2,2773,1846,33.429498737829064,484,2329
950,15,writing,1405,3,2616,1646,37.079510703363916,458,2103
951,15,writing,1405,4,2677,1542,42.39820694807621,446,1987
952,15,writing,1405,5,2604,1764,32.25806451612903,472,2235
968,15,writing,1570,1,1964,1922,2.1384928716904277,4,1925
969,15,writing,1570,2,2221,2172,2.206213417379559,28,2199
970,15,writing,1570,3,1703,1594,6.400469759248385,72,1665
971,15,writing,1570,4,1772,1634,7.787810383747178,108,1741
972,15,writing,1570,5,1893,1828,3.433703116745906,18,1845
973,15,writing,1697,1,1734,1608,7.26643598615917,40,1647
974,15,writing,1697,2,1838,1658,9.793253536452665,122,1779
975,15,writing,1697,3,1383,1298,6.146059291395517,32,1329
976,15,writing,1697,4,2056,1968,4.280155642023346,2,1969
977,15,writing,1697,5,2008,1908,4.9800796812749,22,1929
978,15,writing,1735,1,2148,2086,2.8864059590316575,36,2121
979,15,writing,1735,2,1713,1498,12.551079976649154,150,1647
980,15,writing,1735,3,1248,1198,4.006410256410256,50,1247
981,15,writing,1735,4,1236,1122,9.223300970873787,112,1233
982,15,writing,1735,5,1635,1186,27.46177370030581,376,1561
983,15,writing,1751,1,2988,1854,37.95180722891566,574,2427
984,15,writing,1751,2,2801,1580,43.59157443770082,618,2197
985,15,writing,1751,3,2728,1638,39.956011730205276,494,2131
986,15,writing,1751,4,2561,1626,36.509176103084734,492,2117
987,15,writing,1751,5,2506,1398,44.21388667198723,634,2031
988,15,writing,1777,1,1319,960,27.217589082638362,58,1017
989,15,writing,1777,2,1704,1528,10.328638497652582,66,1593
990,15,writing,1777,3,1708,1168,31.615925058548008,258,1425
991,15,writing,1777,4,1726,1478,14.36848203939745,248,1725
992,15,writing,1777,5,1664,1550,6.850961538461538,88,1637
993,15,writing,1803,1,1416,1278,9.745762711864407,124,1401
994,15,writing,1803,2,1484,1466,1.2129380053908356,12,1477
995,15,writing,1803,3,1562,1470,5.8898847631242,36,1505
996,15,writing,1803,4,1723,1516,12.013929193267556,24,1539
997,15,writing,1803,5,1583,1358,14.213518635502211,48,1405
998,15,writing,1825,1,3338,3194,4.313960455362492,44,3237
999,15,writing,1825,2,3375,3224,4.474074074074074,52,3275
1000,15,writing,1825,3,2665,2564,3.7898686679174483,2,2565
1001,15,writing,1825,4,2493,2392,4.051343762535098,16,2407
1002,15,writing,1825,5,2726,2588,5.062362435803375,32,2619
1003,15,writing,1975,1,1258,1018,19.07790143084261,6,1023
1004,15,writing,1975,2,1643,1326,19.293974437005478,202,1527
1005,15,writing,1975,3,1512,1236,18.253968253968253,200,1435
1006,15,writing,1975,4,1746,1242,28.8659793814433,458,1699
1007,15,writing,1975,5,1516,1194,21.240105540897098,30,1223
1008,15,writing,1978,1,975,586,39.8974358974359,232,817
1009,15,writing,1978,2,1203,914,24.023275145469658,28,941
1010,15,writing,1978,3,1501,1304,13.124583610926049,66,1369
1011,15,writing,1978,4,2115,2016,4.680851063829787,50,2065
1012,15,writing,1978,5,1690,1546,8.520710059171599,0,1545
1013,15,writing,2045,1,1929,1848,4.199066874027994,48,1895
1014,15,writing,2045,2,1528,1446,5.366492146596858,82,1527
1015,15,writing,2045,3,940,926,1.4893617021276595,4,929
1016,15,writing,2045,4,904,832,7.964601769911504,58,889
1017,15,writing,2045,5,1216,1118,8.05921052631579,76,1193
1018,15,writing,2056,1,1435,1192,16.933797909407666,208,1399
1019,15,writing,2056,2,1426,1042,26.928471248246844,192,1233
1020,15,writing,2056,3,1521,1238,18.606180144641684,264,1501
1021,15,writing,2056,4,1409,1056,25.053229240596167,200,1255
1022,15,writing,2056,5,1490,1026,31.140939597315437,284,1309
1023,15,writing,2097,1,1926,1574,18.276220145379025,156,1729
1024,15,writing,2097,2,1184,984,16.89189189189189,126,1109
1025,15,writing,2097,3,1579,1434,9.183027232425585,108,1541
1026,15,writing,2097,4,1552,1486,4.252577319587629,40,1525
1027,15,writing,2097,5,1326,1254,5.429864253393665,48,1301
1028,15,writing,2115,1,2295,1338,41.69934640522876,516,1853
1029,15,writing,2115,2,2907,1946,33.05813553491572,596,2541
1030,15,writing,2115,3,2634,1582,39.93925588458618,480,2061
1031,15,writing,2115,4,2336,1792,23.28767123287671,132,1923
1032,15,writing,2115,5,2308,1322,42.7209705372617,524,1845
1033,15,writing,2116,1,1333,754,43.435858964741186,298,1051
1034,15,writing,2116,2,1304,1014,22.23926380368098,234,1247
1035,15,writing,2116,3,1293,1108,14.307811291569992,180,1287
1036,15,writing,2116,4,1284,1238,3.5825545171339566,12,1249
1037,15,writing,2116,5,1347,1102,18.188567186340016,212,1313
1038,15,writing,2136,1,2189,1914,12.56281407035176,208,2121
1039,15,writing,2136,2,2488,2324,6.591639871382637,24,2347
1040,15,writing,2136,3,1778,1470,17.322834645669293,138,1607
1041,15,writing,2136,4,1840,1672,9.130434782608695,34,1705
1042,15,writing,2136,5,2014,1902,5.561072492552135,38,1939
1043,15,writing,2155,1,1361,1040,23.585598824393827,250,1289
1044,15,writing,2155,2,1526,1500,1.7038007863695936,0,1499
1045,15,writing,2155,3,1545,1130,26.86084142394822,402,1531
1046,15,writing,2155,4,1539,1372,10.851202079272255,102,1473
1047,15,writing,2155,5,1551,1420,8.4461637653127,52,1471
1048,15,writing,2159,1,1625,1282,21.107692307692307,80,1361
1049,15,writing,2159,2,1898,1696,10.642781875658589,70,1765
1050,15,writing,2159,3,1797,1596,11.185308848080133,70,1665
1051,15,writing,2159,4,1892,1674,11.522198731501057,36,1709
1052,15,writing,2159,5,2152,2058,4.368029739776952,82,2139
1053,15,writing,2160,1,2256,1954,13.386524822695035,206,2159
1054,15,writing,2160,2,1863,1632,12.399355877616747,208,1839
1055,15,writing,2160,3,1917,1746,8.92018779342723,146,1891
1056,15,writing,2160,4,1868,1658,11.241970021413277,180,1837
1057,15,writing,2160,5,1927,1758,8.770108977685522,162,1919
1058,16,phone call,0,1,1639,1540,6.040268456375839,0,1539
1059,16,phone call,0,2,3523,3414,3.0939540164632415,60,3473
1060,16,phone call,0,3,3834,3812,0.5738132498695879,0,3811
1061,16,phone call,0,4,3963,3962,0.025233409033560434,0,3961
1062,16,phone call,0,5,4674,4652,0.47068891741548996,4,4655
1063,16,phone call,1125,1,497,448,9.859154929577464,0,447
1064,16,phone call,1125,2,455,158,65.27472527472527,0,157
1065,16,phone call,1125,3,341,166,51.31964809384164,2,167
1066,16,phone call,1125,4,322,322,0.0,0,321
1067,16,phone call,1125,5,459,350,23.74727668845316,2,351
1068,16,phone call,1279,1,319,134,57.99373040752351,40,173
1069,16,phone call,1279,2,338,338,0.0,0,337
1070,16,phone call,1279,3,324,132,59.25925925925926,52,183
1071,16,phone call,1279,4,289,138,52.24913494809689,40,177
1072,16,phone call,1279,5,349,346,0.8595988538681948,0,345
1073,16,phone call,1313,1,193,193,0.0,0,192
1074,16,phone call,1313,2,278,278,0.0,0,277
1075,16,phone call,1313,3,291,291,0.0,0,290
1076,16,phone call,1313,4,240,240,0.0,0,239
1077,16,phone call,1313,5,275,108,60.72727272727273,80,187
1078,16,phone call,1324,1,286,114,60.13986013986014,48,161
1079,16,phone call,1324,2,233,233,0.0,0,232
1080,16,phone call,1324,3,238,110,53.78151260504202,22,131
1081,16,phone call,1324,4,268,132,50.74626865671642,4,135
1082,16,phone call,1324,5,320,162,49.375,8,169
1083,16,phone call,1358,1,325,160,50.76923076923077,72,231
1084,16,phone call,1358,2,330,330,0.0,0,329
1085,16,phone call,1358,3,288,186,35.416666666666664,60,245
1086,16,phone call,1358,4,267,168,37.07865168539326,30,197
1087,16,phone call,1358,5,285,104,63.50877192982456,44,147
1088,16,phone call,1390,1,368,138,62.5,12,149
1089,16,phone call,1390,2,374,152,59.35828877005348,16,167
1090,16,phone call,1390,3,400,116,71.0,20,135
1091,16,phone call,1390,4,555,186,66.48648648648648,8,193
1092,16,phone call,1390,5,333,142,57.35735735735736,46,187
1093,16,phone call,1396,1,237,160,32.48945147679325,0,159
1094,16,phone call,1396,2,203,102,49.75369458128079,22,123
1095,16,phone call,1396,3,200,200,0.0,0,199
1096,16,phone call,1396,4,268,104,61.19402985074627,30,133
1097,16,phone call,1396,5,337,120,64.39169139465875,12,131
1098,16,phone call,1405,1,1427,652,54.309740714786265,0,651
1099,16,phone call,1405,2,1476,1338,9.34959349593496,64,1401
1100,16,phone call,1405,3,1413,822,41.825902335456476,222,1043
1101,16,phone call,1405,4,1352,724,46.44970414201183,340,1063
1102,16,phone call,1405,5,1436,1066,25.766016713091922,158,1223
1113,16,phone call,1505,1,181,181,0.0,0,180
1114,16,phone call,1505,2,129,129,0.0,0,128
1115,16,phone call,1505,3,224,224,0.0,0,223
1116,16,phone call,1505,4,198,198,0.0,0,197
1117,16,phone call,1505,5,238,238,0.0,0,237
1118,16,phone call,1570,1,426,110,74.17840375586854,58,167
1119,16,phone call,1570,2,425,150,64.70588235294117,18,167
1120,16,phone call,1570,3,322,110,65.83850931677019,66,175
1121,16,phone call,1570,4,563,290,48.49023090586146,28,317
1122,16,phone call,1570,5,418,172,58.85167464114833,114,285
1123,16,phone call,1697,1,634,540,14.826498422712934,42,581
1124,16,phone call,1697,2,663,594,10.407239819004525,12,605
1125,16,phone call,1697,3,666,590,11.411411411411411,4,593
1126,16,phone call,1697,4,763,690,9.567496723460026,4,693
1127,16,phone call,1697,5,778,634,18.508997429305914,78,711
1128,16,phone call,1735,1,264,118,55.303030303030305,32,149
1129,16,phone call,1735,2,333,136,59.15915915915916,0,135
1130,16,phone call,1735,3,292,124,57.534246575342465,86,209
1131,16,phone call,1735,4,208,128,38.46153846153846,10,137
1132,16,phone call,1735,5,278,148,46.76258992805755,44,191
1133,16,phone call,1751,1,1520,1418,6.7105263157894735,34,1451
1134,16,phone call,1751,2,1469,1290,12.185159972770592,8,1297
1135,16,phone call,1751,3,1497,874,41.616566466265866,488,1361
1136,16,phone call,1751,4,1552,1462,5.798969072164948,68,1529
1137,16,phone call,1751,5,1517,1282,15.491100856954516,30,1311
1138,16,phone call,1777,1,211,102,51.65876777251185,78,179
1139,16,phone call,1777,2,254,254,0.0,0,253
1140,16,phone call,1777,3,227,227,0.0,0,226
1141,16,phone call,1777,4,272,114,58.088235294117645,52,165
1142,16,phone call,1777,5,208,208,0.0,0,207
1143,16,phone call,1803,1,256,138,46.09375,34,171
1144,16,phone call,1803,2,272,272,0.0,0,271
1145,16,phone call,1803,3,265,156,41.132075471698116,12,167
1146,16,phone call,1803,4,295,295,0.0,0,294
1147,16,phone call,1803,5,308,308,0.0,0,307
1148,16,phone call,1825,1,597,490,17.922948073701843,56,545
1149,16,phone call,1825,2,402,194,51.74129353233831,42,235
1150,16,phone call,1825,3,665,566,14.887218045112782,90,655
1151,16,phone call,1825,4,483,198,59.006211180124225,26,223
1152,16,phone call,1825,5,461,198,57.049891540130155,34,231
1153,16,phone call,1975,1,304,112,63.1578947368421,12,123
1154,16,phone call,1975,2,307,118,61.56351791530945,2,119
1155,16,phone call,1975,3,307,307,0.0,0,306
1156,16,phone call,1975,4,402,354,11.940298507462687,48,401
1157,16,phone call,1975,5,292,266,8.904109589041095,24,289
1158,16,phone call,1978,1,208,192,7.6923076923076925,8,199
1159,16,phone call,1978,2,141,141,0.0,0,140
1160,16,phone call,1978,3,199,162,18.592964824120603,36,197
1161,16,phone call,1978,4,204,152,25.49019607843137,34,185
1162,16,phone call,1978,5,226,206,8.849557522123893,12,217
1163,16,phone call,2045,1,277,106,61.73285198555957,30,135
1164,16,phone call,2045,2,212,212,0.0,0,211
1165,16,phone call,2045,3,230,126,45.21739130434783,54,179
1166,16,phone call,2045,4,226,226,0.0,0,225
1167,16,phone call,2045,5,307,132,57.00325732899023,54,185
1168,16,phone call,2056,1,1180,1118,5.254237288135593,56,1173
1169,16,phone call,2056,2,936,642,31.41025641025641,40,681
1170,16,phone call,2056,3,848,460,45.75471698113208,246,705
1171,16,phone call,2056,4,863,652,24.44959443800695,58,709
1172,16,phone call,2056,5,851,344,59.57696827262045,184,527
1173,16,phone call,2097,1,567,450,20.634920634920636,46,495
1174,16,phone call,2097,2,362,112,69.06077348066299,62,173
1175,16,phone call,2097,3,304,120,60.526315789473685,74,193
1176,16,phone call,2097,4,302,302,0.0,0,301
1177,16,phone call,2097,5,159,159,0.0,0,158
1178,16,phone call,2115,1,1421,1404,1.1963406052076002,0,1403
1179,16,phone call,2115,2,1486,750,49.52893674293405,512,1261
1180,16,phone call,2115,3,1553,820,47.19896973599485,500,1319
1181,16,phone call,2115,4,1376,908,34.01162790697674,468,1375
1182,16,phone call,2115,5,1430,466,67.41258741258741,486,951
1183,16,phone call,2116,1,261,136,47.89272030651341,30,165
1184,16,phone call,2116,2,260,260,0.0,0,259
1185,16,phone call,2116,3,260,110,57.69230769230769,56,165
1186,16,phone call,2116,4,263,263,0.0,0,262
1187,16,phone call,2116,5,286,286,0.0,0,285
1188,16,phone call,2136,1,288,110,61.80555555555556,38,147
1189,16,phone call,2136,2,329,130,60.48632218844985,26,155
1190,16,phone call,2136,3,355,132,62.816901408450704,18,149
1191,16,phone call,2136,4,329,106,67.78115501519757,42,147
1192,16,phone call,2136,5,319,319,0.0,0,318
1193,16,phone call,2155,1,391,186,52.429667519181585,28,213
1194,16,phone call,2155,2,342,178,47.953216374269005,38,215
1195,16,phone call,2155,3,319,190,40.43887147335423,0,189
1196,16,phone call,2155,4,208,208,0.0,0,207
1197,16,phone call,2155,5,303,160,47.194719471947195,6,165
1198,16,phone call,2159,1,344,344,0.0,0,343
1199,16,phone call,2159,2,350,134,61.714285714285715,96,229
1200,16,phone call,2159,3,339,182,46.31268436578171,36,217
1201,16,phone call,2159,4,301,301,0.0,0,300
1202,16,phone call,2159,5,391,391,0.0,0,390
1203,16,phone call,2160,1,437,150,65.67505720823799,190,339
1204,16,phone call,2160,2,571,388,32.04903677758319,106,493
1205,16,phone call,2160,3,578,346,40.13840830449827,104,449
1206,16,phone call,2160,4,598,432,27.759197324414714,74,505
1207,16,phone call,2160,5,729,364,50.06858710562414,124,487
1208,17,type on keyboard,0,1,4143,3782,8.71349263818489,226,4007
1209,17,type on keyboard,0,2,3508,3166,9.749144811858608,204,3369
1210,17,type on keyboard,0,3,4443,4318,2.8134143596668917,28,4345
1211,17,type on keyboard,0,4,5431,5212,4.032406554962254,12,5223
1212,17,type on keyboard,0,5,5352,5022,6.165919282511211,176,5197
1213,17,type on keyboard,1125,1,1783,1626,8.80538418395962,44,1669
1214,17,type on keyboard,1125,2,1779,1638,7.925801011804385,66,1703
1215,17,type on keyboard,1125,3,2107,1808,14.19079259610821,256,2063
1216,17,type on keyboard,1125,4,1712,1270,25.817757009345794,380,1649
1217,17,type on keyboard,1125,5,1827,1610,11.877394636015326,12,1621
1218,17,type on keyboard,1279,1,1305,946,27.509578544061302,146,1091
1219,17,type on keyboard,1279,2,1315,1170,11.02661596958175,94,1263
1220,17,type on keyboard,1279,3,1297,874,32.61372397841172,192,1065
1221,17,type on keyboard,1279,4,1306,1190,8.88208269525268,44,1233
1222,17,type on keyboard,1279,5,1293,1270,1.7788089713843773,0,1269
1223,17,type on keyboard,1313,1,1362,1026,24.669603524229075,190,1215
1224,17,type on keyboard,1313,2,1364,1234,9.530791788856305,60,1293
1225,17,type on keyboard,1313,3,1485,1278,13.93939393939394,146,1423
1226,17,type on keyboard,1313,4,1230,1012,17.723577235772357,38,1049
1227,17,type on keyboard,1313,5,1012,644,36.36363636363637,104,747
1228,17,type on keyboard,1324,1,1496,1358,9.224598930481283,64,1421
1229,17,type on keyboard,1324,2,1820,1662,8.68131868131868,150,1811
1230,17,type on keyboard,1324,3,1709,1370,19.83616149795202,186,1555
1231,17,type on keyboard,1324,4,2059,1834,10.927634774162215,136,1969
1232,17,type on keyboard,1324,5,2073,1868,9.889049686444766,138,2005
1233,17,type on keyboard,1358,1,1564,1474,5.754475703324808,48,1521
1234,17,type on keyboard,1358,2,1586,1506,5.044136191677175,42,1547
1235,17,type on keyboard,1358,3,1600,1366,14.625,146,1511
1236,17,type on keyboard,1358,4,1575,1410,10.476190476190476,76,1485
1237,17,type on keyboard,1358,5,1659,1600,3.5563592525617844,58,1657
1238,17,type on keyboard,1390,1,2128,1766,17.01127819548872,104,1869
1239,17,type on keyboard,1390,2,1953,1684,13.773681515617,140,1823
1240,17,type on keyboard,1390,3,1716,1348,21.445221445221446,224,1571
1241,17,type on keyboard,1390,4,1999,1864,6.753376688344172,14,1877
1242,17,type on keyboard,1390,5,3058,2594,15.173315892740353,184,2777
1243,17,type on keyboard,1396,1,1143,1072,6.21172353455818,52,1123
1244,17,type on keyboard,1396,2,1219,990,18.78589007383101,70,1059
1245,17,type on keyboard,1396,3,1157,1040,10.112359550561798,72,1111
1246,17,type on keyboard,1396,4,1185,1020,13.924050632911392,38,1057
1247,17,type on keyboard,1396,5,1332,1270,4.654654654654655,60,1329
1248,17,type on keyboard,1405,1,2772,1732,37.51803751803752,442,2173
1249,17,type on keyboard,1405,2,2796,2132,23.74821173104435,46,2177
1250,17,type on keyboard,1405,3,2837,1814,36.05921748325696,482,2295
1251,17,type on keyboard,1405,4,2663,1614,39.391663537363875,506,2119
1252,17,type on keyboard,1405,5,2656,1650,37.876506024096386,488,2137
1268,17,type on keyboard,1570,1,1808,1764,2.433628318584071,12,1775
1269,17,type on keyboard,1570,2,1904,1716,9.873949579831933,104,1819
1270,17,type on keyboard,1570,3,2067,1824,11.756168359941945,34,1857
1271,17,type on keyboard,1570,4,3143,3084,1.8771874005727012,8,3091
1272,17,type on keyboard,1570,5,2664,2334,12.387387387387387,258,2591
1273,17,type on keyboard,1697,1,1590,1516,4.654088050314465,30,1545
1274,17,type on keyboard,1697,2,1819,1774,2.473886750962067,16,1789
1275,17,type on keyboard,1697,3,1567,1472,6.062539885130823,6,1477
1276,17,type on keyboard,1697,4,1416,1360,3.9548022598870056,10,1369
1277,17,type on keyboard,1697,5,1562,1464,6.274007682458387,38,1501
1278,17,type on keyboard,1735,1,1390,1246,10.359712230215827,46,1291
1279,17,type on keyboard,1735,2,1420,808,43.098591549295776,78,885
1280,17,type on keyboard,1735,3,1481,1234,16.677920324105333,58,1291
1281,17,type on keyboard,1735,4,1309,1086,17.03590527119939,46,1131
1282,17,type on keyboard,1735,5,1452,1252,13.774104683195592,46,1297
1283,17,type on keyboard,1751,1,2975,1600,46.21848739495798,576,2175
1284,17,type on keyboard,1751,2,2422,1930,20.31379025598679,36,1965
1285,17,type on keyboard,1751,3,2897,1800,37.866758715913015,518,2317
1286,17,type on keyboard,1751,4,2668,2010,24.662668665667166,462,2471
1287,17,type on keyboard,1751,5,2994,1928,35.60454241816967,532,2459
1288,17,type on keyboard,1777,1,1716,1666,2.913752913752914,42,1707
1289,17,type on keyboard,1777,2,1313,1186,9.672505712109672,50,1235
1290,17,type on keyboard,1777,3,1373,1054,23.233794610342315,132,1185
1291,17,type on keyboard,1777,4,1401,1244,11.206281227694504,22,1265
1292,17,type on keyboard,1777,5,1334,1126,15.592203898050975,84,1209
1293,17,type on keyboard,1803,1,1426,1072,24.82468443197756,14,1085
1294,17,type on keyboard,1803,2,1775,1534,13.577464788732394,112,1645
1295,17,type on keyboard,1803,3,1212,1082,10.726072607260726,48,1129
1296,17,type on keyboard,1803,4,1719,1622,5.64281559045957,68,1689
1297,17,type on keyboard,1803,5,1536,1090,29.036458333333332,100,1189
1298,17,type on keyboard,1825,1,2900,2330,19.655172413793103,368,2697
1299,17,type on keyboard,1825,2,2350,2260,3.8297872340425534,8,2267
1300,17,type on keyboard,1825,3,2453,2242,8.601712189156135,150,2391
1301,17,type on keyboard,1825,4,1752,1418,19.06392694063927,160,1577
1302,17,type on keyboard,1825,5,2366,1836,22.40067624683009,278,2113
1303,17,type on keyboard,1975,1,1440,1294,10.13888888888889,124,1417
1304,17,type on keyboard,1975,2,1477,1326,10.22342586323629,46,1371
1305,17,type on keyboard,1975,3,1517,1374,9.426499670402109,92,1465
1306,17,type on keyboard,1975,4,1696,1030,39.2688679245283,124,1153
1307,17,type on keyboard,1975,5,1766,1632,7.587768969422424,108,1739
1308,17,type on keyboard,1978,1,1908,1504,21.17400419287212,256,1759
1309,17,type on keyboard,1978,2,1323,806,39.07785336356765,78,883
1310,17,type on keyboard,1978,3,1424,1294,9.129213483146067,28,1321
1311,17,type on keyboard,1978,4,1384,466,66.32947976878613,26,491
1312,17,type on keyboard,1978,5,1327,1120,15.599095704596834,192,1311
1313,17,type on keyboard,2045,1,1448,1378,4.834254143646409,70,1447
1314,17,type on keyboard,2045,2,1610,1432,11.055900621118013,104,1535
1315,17,type on keyboard,2045,3,1399,1286,8.077197998570407,102,1387
1316,17,type on keyboard,2045,4,1507,1360,9.754479097544792,144,1503
1317,17,type on keyboard,2045,5,1384,1104,20.23121387283237,204,1307
1318,17,type on keyboard,2056,1,1317,1106,16.021260440394837,174,1279
1319,17,type on keyboard,2056,2,1214,912,24.87644151565074,280,1191
1320,17,type on keyboard,2056,3,1329,828,37.69751693002257,246,1073
1321,17,type on keyboard,2056,4,1327,916,30.972117558402413,246,1161
1322,17,type on keyboard,2056,5,1383,946,31.597975415762836,224,1169
1323,17,type on keyboard,2097,1,835,546,34.61077844311377,72,617
1324,17,type on keyboard,2097,2,3259,3008,7.701749002761583,126,3133
1325,17,type on keyboard,2097,3,1315,954,27.452471482889734,336,1289
1326,17,type on keyboard,2097,4,2401,2034,15.285297792586423,172,2205
1327,17,type on keyboard,2097,5,1209,1038,14.1439205955335,46,1083
1328,17,type on keyboard,2115,1,2586,2088,19.25754060324826,476,2563
1329,17,type on keyboard,2115,2,2644,1658,37.29198184568835,492,2149
1330,17,type on keyboard,2115,3,2648,1670,36.933534743202415,514,2183
1331,17,type on keyboard,2115,4,2712,1786,34.14454277286136,492,2277
1332,17,type on keyboard,2115,5,2895,1918,33.747841105354055,426,2343
1333,17,type on keyboard,2116,1,1556,1498,3.7275064267352187,56,1553
1334,17,type on keyboard,2116,2,1579,1218,22.86257124762508,296,1513
1335,17,type on keyboard,2116,3,1597,1552,2.817783343769568,10,1561
1336,17,type on keyboard,2116,4,1519,1260,17.05069124423963,20,1279
1337,17,type on keyboard,2116,5,1549,1530,1.2265978050355069,14,1543
1338,17,type on keyboard,2136,1,1504,1276,15.159574468085106,164,1439
1339,17,type on keyboard,2136,2,2566,2048,20.187061574434917,78,2125
1340,17,type on keyboard,2136,3,2685,2408,10.316573556797021,140,2547
1341,17,type on keyboard,2136,4,2557,2378,7.000391083300743,76,2453
1342,17,type on keyboard,2136,5,1653,1482,10.344827586206897,64,1545
1343,17,type on keyboard,2155,1,1179,1120,5.004240882103478,50,1169
1344,17,type on keyboard,2155,2,1251,1124,10.151878497202238,104,1227
1345,17,type on keyboard,2155,3,1293,834,35.498839907192576,452,1285
1346,17,type on keyboard,2155,4,1268,1238,2.365930599369085,22,1259
1347,17,type on keyboard,2155,5,1247,1218,2.3255813953488373,8,1225
1348,17,type on keyboard,2159,1,2087,1880,9.918543363679923,68,1947
1349,17,type on keyboard,2159,2,1940,1774,8.556701030927835,46,1819
1350,17,type on keyboard,2159,3,2097,2036,2.9089175011921795,30,2065
1351,17,type on keyboard,2159,4,1988,1386,30.281690140845072,190,1575
1352,17,type on keyboard,2159,5,2056,1936,5.836575875486381,32,1967
1353,17,type on keyboard,2160,1,1925,1506,21.766233766233768,366,1871
1354,17,type on keyboard,2160,2,1768,1668,5.656108597285068,100,1767
1355,17,type on keyboard,2160,3,1782,1462,17.957351290684624,206,1667
1356,17,type on keyboard,2160,4,1752,1534,12.442922374429223,76,1609
1357,17,type on keyboard,2160,5,1790,1646,8.044692737430168,108,1753
1358,18,salute (wave hand),0,1,521,274,47.408829174664106,82,355
1359,18,salute (wave hand),0,2,851,542,36.310223266745005,136,677
1360,18,salute (wave hand),0,3,861,520,39.60511033681765,156,675
1361,18,salute (wave hand),0,4,652,434,33.43558282208589,88,521
1362,18,salute (wave hand),0,5,777,504,35.13513513513514,94,597
1363,18,salute (wave hand),1125,1,1237,840,32.093775262732414,6,845
1364,18,salute (wave hand),1125,2,1014,820,19.13214990138067,98,917
1365,18,salute (wave hand),1125,3,1034,950,8.123791102514506,14,963
1366,18,salute (wave hand),1125,4,1072,982,8.395522388059701,40,1021
1367,18,salute (wave hand),1125,5,1014,856,15.581854043392505,54,909
1368,18,salute (wave hand),1279,1,1054,930,11.764705882352942,38,967
1369,18,salute (wave hand),1279,2,983,870,11.495422177009155,32,901
1370,18,salute (wave hand),1279,3,1027,736,28.33495618305745,220,955
1371,18,salute (wave hand),1279,4,1058,716,32.32514177693762,304,1019
1372,18,salute (wave hand),1279,5,1015,986,2.857142857142857,16,1001
1373,18,salute (wave hand),1313,1,1011,380,62.41345202769535,288,667
1374,18,salute (wave hand),1313,2,1010,674,33.26732673267327,24,697
1375,18,salute (wave hand),1313,3,955,758,20.6282722513089,40,797
1376,18,salute (wave hand),1313,4,932,548,41.201716738197426,174,721
1377,18,salute (wave hand),1313,5,1096,890,18.795620437956206,32,921
1378,18,salute (wave hand),1324,1,1027,986,3.9922103213242455,14,999
1379,18,salute (wave hand),1324,2,747,668,10.575635876840696,54,721
1380,18,salute (wave hand),1324,3,1134,1108,2.292768959435626,6,1113
1381,18,salute (wave hand),1324,4,1312,1128,14.024390243902438,88,1215
1382,18,salute (wave hand),1324,5,1218,1152,5.41871921182266,58,1209
1383,18,salute (wave hand),1358,1,989,870,12.032355915065724,14,883
1384,18,salute (wave hand),1358,2,1014,888,12.42603550295858,68,955
1385,18,salute (wave hand),1358,3,1041,762,26.80115273775216,170,931
1386,18,salute (wave hand),1358,4,1052,946,10.076045627376425,18,963
1387,18,salute (wave hand),1358,5,1010,868,14.05940594059406,34,901
1388,18,salute (wave hand),1390,1,1136,930,18.133802816901408,126,1055
1389,18,salute (wave hand),1390,2,1897,1614,14.918292040063259,28,1641
1390,18,salute (wave hand),1390,3,1283,1154,10.054559625876852,106,1259
1391,18,salute (wave hand),1390,4,1585,1482,6.4984227129337535,38,1519
1392,18,salute (wave hand),1390,5,2720,2458,9.632352941176471,118,2575
1393,18,salute (wave hand),1396,1,644,590,8.385093167701863,8,597
1394,18,salute (wave hand),1396,2,738,674,8.672086720867208,18,691
1395,18,salute (wave hand),1396,3,884,794,10.180995475113122,50,843
1396,18,salute (wave hand),1396,4,855,630,26.31578947368421,224,853
1397,18,salute (wave hand),1396,5,1098,906,17.48633879781421,152,1057
1398,18,salute (wave hand),1405,1,1962,974,50.35677879714577,504,1477
1399,18,salute (wave hand),1405,2,1939,906,53.27488396080454,594,1499
1400,18,salute (wave hand),1405,3,2235,1048,53.1096196868009,480,1527
1401,18,salute (wave hand),1405,4,1873,1020,45.54191137213027,462,1481
1402,18,salute (wave hand),1405,5,1535,982,36.02605863192182,540,1521
1418,18,salute (wave hand),1570,1,1014,770,24.06311637080868,72,841
1419,18,salute (wave hand),1570,2,1350,1298,3.8518518518518516,14,1311
1420,18,salute (wave hand),1570,3,1278,1086,15.023474178403756,116,1201
1421,18,salute (wave hand),1570,4,1129,906,19.75199291408326,118,1023
1422,18,salute (wave hand),1570,5,1384,1304,5.780346820809249,62,1365
1423,18,salute (wave hand),1697,1,961,690,28.199791883454736,48,737
1424,18,salute (wave hand),1697,2,1005,798,20.597014925373134,60,857
1425,18,salute (wave hand),1697,3,845,620,26.62721893491124,114,733
1426,18,salute (wave hand),1697,4,1041,834,19.88472622478386,82,915
1427,18,salute (wave hand),1697,5,1199,690,42.45204336947456,112,801
1428,18,salute (wave hand),1735,1,926,636,31.317494600431967,146,781
1429,18,salute (wave hand),1735,2,1003,960,4.287138584247258,12,971
1430,18,salute (wave hand),1735,3,972,902,7.20164609053498,28,929
1431,18,salute (wave hand),1735,4,1048,972,7.251908396946565,0,971
1432,18,salute (wave hand),1735,5,1025,664,35.21951219512195,44,707
1433,18,salute (wave hand),1751,1,1893,850,55.09772847332277,516,1365
1434,18,salute (wave hand),1751,2,1904,898,52.83613445378151,536,1433
1435,18,salute (wave hand),1751,3,1946,908,53.340184994861254,510,1417
1436,18,salute (wave hand),1751,4,1982,1022,48.435923309788095,508,1529
1437,18,salute (wave hand),1751,5,1911,902,52.79958137100994,522,1423
1438,18,salute (wave hand),1777,1,948,786,17.088607594936708,58,843
1439,18,salute (wave hand),1777,2,930,504,45.806451612903224,74,577
1440,18,salute (wave hand),1777,3,950,806,15.157894736842104,44,849
1441,18,salute (wave hand),1777,4,970,744,23.298969072164947,224,967
1442,18,salute (wave hand),1777,5,1057,862,18.448438978240304,114,975
1443,18,salute (wave hand),1803,1,961,774,19.458896982310094,174,947
1444,18,salute (wave hand),1803,2,891,656,26.374859708193043,110,765
1445,18,salute (wave hand),1803,3,874,826,5.491990846681922,20,845
1446,18,salute (wave hand),1803,4,904,644,28.761061946902654,10,653
1447,18,salute (wave hand),1803,5,933,670,28.188638799571276,210,879
1448,18,salute (wave hand),1825,1,1425,1006,29.403508771929825,380,1385
1449,18,salute (wave hand),1825,2,1372,992,27.696793002915452,312,1303
1450,18,salute (wave hand),1825,3,1121,1002,10.615521855486174,96,1097
1451,18,salute (wave hand),1825,4,985,708,28.121827411167512,168,875
1452,18,salute (wave hand),1825,5,1513,1060,29.940515532055517,162,1221
1453,18,salute (wave hand),1975,1,750,676,9.866666666666667,50,725
1454,18,salute (wave hand),1975,2,1209,1112,8.023159636062863,78,1189
1455,18,salute (wave hand),1975,3,1014,638,37.08086785009862,178,815
1456,18,salute (wave hand),1975,4,1139,796,30.114135206321336,342,1137
1457,18,salute (wave hand),1975,5,940,786,16.382978723404257,72,857
1458,18,salute (wave hand),1978,1,964,870,9.751037344398341,74,943
1459,18,salute (wave hand),1978,2,1624,1500,7.635467980295567,30,1529
1460,18,salute (wave hand),1978,3,974,878,9.856262833675565,72,949
1461,18,salute (wave hand),1978,4,1085,720,33.64055299539171,128,847
1462,18,salute (wave hand),1978,5,962,418,56.54885654885655,22,439
1463,18,salute (wave hand),2045,1,1281,1204,6.0109289617486334,74,1277
1464,18,salute (wave hand),2045,2,725,418,42.3448275862069,76,493
1465,18,salute (wave hand),2045,3,524,236,54.961832061068705,88,323
1466,18,salute (wave hand),2045,4,694,462,33.429394812680115,162,623
1467,18,salute (wave hand),2045,5,739,528,28.552097428958053,158,685
1468,18,salute (wave hand),2056,1,1210,778,35.70247933884298,260,1037
1469,18,salute (wave hand),2056,2,1136,742,34.683098591549296,388,1129
1470,18,salute (wave hand),2056,3,1242,840,32.367149758454104,184,1023
1471,18,salute (wave hand),2056,4,1138,628,44.81546572934974,334,961
1472,18,salute (wave hand),2056,5,1238,742,40.064620355411954,244,985
1473,18,salute (wave hand),2097,1,1077,706,34.44753946146704,358,1063
1474,18,salute (wave hand),2097,2,936,670,28.418803418803417,200,869
1475,18,salute (wave hand),2097,3,881,798,9.421112372304199,58,855
1476,18,salute (wave hand),2097,4,987,724,26.646403242147922,134,857
1477,18,salute (wave hand),2097,5,963,880,8.61889927310488,42,921
1478,18,salute (wave hand),2115,1,1936,1148,40.70247933884298,466,1613
1479,18,salute (wave hand),2115,2,1964,1306,33.503054989816704,514,1819
1480,18,salute (wave hand),2115,3,1984,1078,45.66532258064516,524,1601
1481,18,salute (wave hand),2115,4,3782,2892,23.532522474881016,540,3431
1482,18,salute (wave hand),2115,5,1908,938,50.83857442348008,460,1397
1483,18,salute (wave hand),2116,1,898,802,10.690423162583519,26,827
1484,18,salute (wave hand),2116,2,1394,1368,1.8651362984218078,16,1383
1485,18,salute (wave hand),2116,3,928,878,5.387931034482759,34,911
1486,18,salute (wave hand),2116,4,923,674,26.977248104008666,220,893
1487,18,salute (wave hand),2116,5,944,790,16.3135593220339,66,855
1488,18,salute (wave hand),2136,1,1129,946,16.20903454384411,10,955
1489,18,salute (wave hand),2136,2,995,676,32.06030150753769,256,931
1490,18,salute (wave hand),2136,3,1139,878,22.914837576821775,156,1033
1491,18,salute (wave hand),2136,4,1026,672,34.50292397660819,168,839
1492,18,salute (wave hand),2136,5,1413,1214,14.083510261854212,152,1365
1493,18,salute (wave hand),2155,1,947,902,4.7518479408658925,0,901
1494,18,salute (wave hand),2155,2,985,812,17.563451776649746,64,875
1495,18,salute (wave hand),2155,3,940,922,1.9148936170212767,0,921
1496,18,salute (wave hand),2155,4,931,832,10.633727175080558,56,887
1497,18,salute (wave hand),2155,5,1024,886,13.4765625,48,933
1498,18,salute (wave hand),2159,1,1003,900,10.269192422731805,78,977
1499,18,salute (wave hand),2159,2,940,686,27.02127659574468,70,755
1500,18,salute (wave hand),2159,3,1395,1390,0.35842293906810035,4,1393
1501,18,salute (wave hand),2159,4,1108,1010,8.844765342960288,36,1045
1502,18,salute (wave hand),2159,5,1064,994,6.578947368421052,44,1037
1503,18,salute (wave hand),2160,1,1210,902,25.454545454545453,134,1035
1504,18,salute (wave hand),2160,2,1092,994,8.974358974358974,86,1079
1505,18,salute (wave hand),2160,3,1094,1022,6.581352833638026,62,1083
1506,18,salute (wave hand),2160,4,1177,1116,5.182667799490229,58,1173
1507,18,salute (wave hand),2160,5,1161,990,14.728682170542635,78,1067
1508,19,sneeze cough,0,1,551,350,36.47912885662432,32,381
1509,19,sneeze cough,0,2,759,626,17.523056653491437,72,697
1510,19,sneeze cough,0,3,673,504,25.11144130757801,12,515
1511,19,sneeze cough,0,4,761,648,14.848883048620236,32,679
1512,19,sneeze cough,0,5,1012,830,17.984189723320156,110,939
1513,19,sneeze cough,1125,1,185,185,0.0,0,184
1514,19,sneeze cough,1125,2,250,106,57.6,38,143
1515,19,sneeze cough,1125,3,227,227,0.0,0,226
1516,19,sneeze cough,1125,4,225,132,41.333333333333336,4,135
1517,19,sneeze cough,1125,5,269,154,42.75092936802974,6,159
1518,19,sneeze cough,1279,1,359,359,0.0,0,358
1519,19,sneeze cough,1279,2,251,170,32.27091633466136,40,209
1520,19,sneeze cough,1279,3,175,175,0.0,0,174
1521,19,sneeze cough,1279,4,217,150,30.87557603686636,38,187
1522,19,sneeze cough,1279,5,159,159,0.0,0,158
1523,19,sneeze cough,1313,1,234,234,0.0,0,233
1524,19,sneeze cough,1313,2,238,238,0.0,0,237
1525,19,sneeze cough,1313,3,230,230,0.0,0,229
1526,19,sneeze cough,1313,4,201,201,0.0,0,200
1527,19,sneeze cough,1313,5,221,221,0.0,0,220
1528,19,sneeze cough,1324,1,254,254,0.0,0,253
1529,19,sneeze cough,1324,2,313,272,13.099041533546325,20,291
1530,19,sneeze cough,1324,3,322,230,28.571428571428573,48,277
1531,19,sneeze cough,1324,4,283,218,22.968197879858657,50,267
1532,19,sneeze cough,1324,5,309,184,40.45307443365696,74,257
1533,19,sneeze cough,1358,1,197,197,0.0,0,196
1534,19,sneeze cough,1358,2,161,154,4.3478260869565215,6,159
1535,19,sneeze cough,1358,3,151,151,0.0,0,150
1536,19,sneeze cough,1358,4,181,181,0.0,0,180
1537,19,sneeze cough,1358,5,160,160,0.0,0,159
1538,19,sneeze cough,1390,1,180,180,0.0,0,179
1539,19,sneeze cough,1390,2,216,216,0.0,0,215
1540,19,sneeze cough,1390,3,159,159,0.0,0,158
1541,19,sneeze cough,1390,4,179,102,43.01675977653631,24,125
1542,19,sneeze cough,1390,5,216,180,16.666666666666668,34,213
1543,19,sneeze cough,1396,1,193,128,33.67875647668394,58,185
1544,19,sneeze cough,1396,2,393,182,53.68956743002545,22,203
1545,19,sneeze cough,1396,3,264,178,32.57575757575758,12,189
1546,19,sneeze cough,1396,4,167,150,10.179640718562874,16,165
1547,19,sneeze cough,1396,5,197,138,29.949238578680202,56,193
1548,19,sneeze cough,1405,1,1232,810,34.253246753246756,0,809
1549,19,sneeze cough,1405,2,1241,462,62.77195809830781,452,913
1550,19,sneeze cough,1405,3,1492,944,36.729222520107236,424,1367
1551,19,sneeze cough,1405,4,1064,402,62.21804511278196,392,793
1552,19,sneeze cough,1405,5,1308,556,57.49235474006116,460,1015
1563,19,sneeze cough,1505,1,172,158,8.13953488372093,10,167
1564,19,sneeze cough,1505,2,213,213,0.0,0,212
1565,19,sneeze cough,1505,3,157,157,0.0,0,156
1566,19,sneeze cough,1505,4,149,149,0.0,0,148
1567,19,sneeze cough,1505,5,196,166,15.306122448979592,30,195
1568,19,sneeze cough,1570,1,281,168,40.213523131672595,24,191
1569,19,sneeze cough,1570,2,293,174,40.61433447098976,76,249
1570,19,sneeze cough,1570,3,329,230,30.091185410334347,40,269
1571,19,sneeze cough,1570,4,361,252,30.193905817174514,40,291
1572,19,sneeze cough,1570,5,357,276,22.689075630252102,8,283
1573,19,sneeze cough,1697,1,398,262,34.17085427135678,32,293
1574,19,sneeze cough,1697,2,440,306,30.454545454545453,40,345
1575,19,sneeze cough,1697,3,382,198,48.167539267015705,140,337
1576,19,sneeze cough,1697,4,469,304,35.18123667377399,70,373
1577,19,sneeze cough,1697,5,440,344,21.818181818181817,30,373
1578,19,sneeze cough,1735,1,330,266,19.393939393939394,14,279
1579,19,sneeze cough,1735,2,260,148,43.07692307692308,84,231
1580,19,sneeze cough,1735,3,338,260,23.076923076923077,44,303
1581,19,sneeze cough,1735,4,372,372,0.0,0,371
1582,19,sneeze cough,1735,5,416,326,21.634615384615383,50,375
1583,19,sneeze cough,1751,1,1214,874,28.00658978583196,14,887
1584,19,sneeze cough,1751,2,1667,1634,1.9796040791841631,32,1665
1585,19,sneeze cough,1751,3,1369,1164,14.974433893352812,154,1317
1586,19,sneeze cough,1751,4,1268,1166,8.04416403785489,80,1245
1587,19,sneeze cough,1751,5,994,694,30.18108651911469,22,715
1588,19,sneeze cough,1777,1,239,134,43.93305439330544,48,181
1589,19,sneeze cough,1777,2,230,128,44.34782608695652,38,165
1590,19,sneeze cough,1777,3,219,219,0.0,0,218
1591,19,sneeze cough,1777,4,272,272,0.0,0,271
1592,19,sneeze cough,1777,5,240,240,0.0,0,239
1593,19,sneeze cough,1803,1,199,108,45.7286432160804,78,185
1594,19,sneeze cough,1803,2,272,222,18.38235294117647,42,263
1595,19,sneeze cough,1803,3,196,196,0.0,0,195
1596,19,sneeze cough,1803,4,214,214,0.0,0,213
1597,19,sneeze cough,1803,5,232,232,0.0,0,231
1598,19,sneeze cough,1825,1,353,182,48.44192634560906,38,219
1599,19,sneeze cough,1825,2,401,401,0.0,0,400
1600,19,sneeze cough,1825,3,422,284,32.70142180094787,0,283
1601,19,sneeze cough,1825,4,455,388,14.725274725274724,0,387
1602,19,sneeze cough,1825,5,442,130,70.58823529411765,228,357
1603,19,sneeze cough,1975,1,204,204,0.0,0,203
1604,19,sneeze cough,1975,2,228,228,0.0,0,227
1605,19,sneeze cough,1975,3,306,238,22.22222222222222,2,239
1606,19,sneeze cough,1975,4,221,220,0.45248868778280543,0,219
1607,19,sneeze cough,1975,5,220,220,0.0,0,219
1608,19,sneeze cough,1978,1,185,144,22.16216216216216,18,161
1609,19,sneeze cough,1978,2,192,192,0.0,0,191
1610,19,sneeze cough,1978,3,170,170,0.0,0,169
1611,19,sneeze cough,1978,4,183,114,37.704918032786885,34,147
1612,19,sneeze cough,1978,5,154,154,0.0,0,153
1613,19,sneeze cough,2045,1,178,178,0.0,0,177
1614,19,sneeze cough,2045,2,259,108,58.3011583011583,122,229
1615,19,sneeze cough,2045,3,209,209,0.0,0,208
1616,19,sneeze cough,2045,4,199,199,0.0,0,198
1617,19,sneeze cough,2045,5,218,124,43.11926605504587,92,215
1618,19,sneeze cough,2056,1,401,274,31.67082294264339,2,275
1619,19,sneeze cough,2056,2,564,380,32.6241134751773,64,443
1620,19,sneeze cough,2056,3,483,270,44.099378881987576,198,467
1621,19,sneeze cough,2056,4,543,258,52.48618784530387,258,515
1622,19,sneeze cough,2056,5,545,152,72.11009174311927,188,339
1623,19,sneeze cough,2097,1,187,187,0.0,0,186
1624,19,sneeze cough,2097,2,245,164,33.06122448979592,42,205
1625,19,sneeze cough,2097,3,309,270,12.62135922330097,0,269
1626,19,sneeze cough,2097,4,368,174,52.71739130434783,144,317
1627,19,sneeze cough,2097,5,272,158,41.911764705882355,72,229
1628,19,sneeze cough,2115,1,1692,726,57.09219858156028,488,1213
1629,19,sneeze cough,2115,2,1297,1126,13.184271395528143,0,1125
1630,19,sneeze cough,2115,3,1308,1178,9.938837920489297,60,1237
1631,19,sneeze cough,2115,4,1291,1172,9.217660728117739,116,1287
1632,19,sneeze cough,2115,5,1463,1280,12.508544087491456,0,1279
1633,19,sneeze cough,2116,1,315,226,28.253968253968253,44,269
1634,19,sneeze cough,2116,2,362,280,22.65193370165746,68,347
1635,19,sneeze cough,2116,3,296,206,30.405405405405407,50,255
1636,19,sneeze cough,2116,4,344,278,19.186046511627907,20,297
1637,19,sneeze cough,2116,5,325,210,35.38461538461539,46,255
1638,19,sneeze cough,2136,1,371,240,35.309973045822105,34,273
1639,19,sneeze cough,2136,2,387,244,36.950904392764855,32,275
1640,19,sneeze cough,2136,3,254,118,53.54330708661417,62,179
1641,19,sneeze cough,2136,4,305,252,17.37704918032787,12,263
1642,19,sneeze cough,2136,5,250,136,45.6,68,203
1643,19,sneeze cough,2155,1,225,198,12.0,16,213
1645,19,sneeze cough,2155,3,218,218,0.0,0,217
1646,19,sneeze cough,2155,4,198,178,10.1010101010101,8,185
1647,19,sneeze cough,2155,5,199,199,0.0,0,198
1648,19,sneeze cough,2159,1,352,166,52.84090909090909,100,265
1649,19,sneeze cough,2159,2,370,238,35.67567567567568,66,303
1650,19,sneeze cough,2159,3,326,208,36.19631901840491,118,325
1651,19,sneeze cough,2159,4,324,324,0.0,0,323
1652,19,sneeze cough,2159,5,389,198,49.10025706940874,82,279
1653,19,sneeze cough,2160,1,315,200,36.507936507936506,108,307
1654,19,sneeze cough,2160,2,279,279,0.0,0,278
1655,19,sneeze cough,2160,3,286,170,40.55944055944056,102,271
1656,19,sneeze cough,2160,4,294,202,31.292517006802722,86,287
1657,19,sneeze cough,2160,5,333,126,62.16216216216216,122,247
1658,2,eat meal,0,1,3179,3058,3.8062283737024223,12,3069
1659,2,eat meal,0,2,4223,4032,4.522851053753256,106,4137
1660,2,eat meal,0,3,4515,3964,12.20376522702104,400,4363
1661,2,eat meal,0,4,5754,5406,6.0479666319082375,130,5535
1662,2,eat meal,0,5,2656,2320,12.650602409638553,118,2437
1663,2,eat meal,1125,1,2940,2610,11.224489795918368,272,2881
1664,2,eat meal,1125,2,3226,3150,2.355858648481091,32,3181
1665,2,eat meal,1125,3,2766,2618,5.350686912509039,26,2643
1666,2,eat meal,1279,1,3151,3142,0.2856236115518883,6,3147
1667,2,eat meal,1279,2,2735,2656,2.8884826325411335,56,2711
1668,2,eat meal,1279,3,2802,2732,2.4982155603140614,34,2765
1669,2,eat meal,1279,4,142,142,0.0,0,141
1670,2,eat meal,1313,1,2816,2548,9.517045454545455,156,2703
1671,2,eat meal,1313,2,2690,2484,7.657992565055762,138,2621
1672,2,eat meal,1313,3,2861,2750,3.87976232086683,26,2775
1673,2,eat meal,1324,1,2951,2686,8.980006777363606,44,2729
1674,2,eat meal,1324,2,2850,2458,13.75438596491228,14,2471
1675,2,eat meal,1324,3,4307,4164,3.3201764569305783,52,4215
1676,2,eat meal,1358,1,2892,2614,9.612724757952973,84,2697
1677,2,eat meal,1358,2,2898,2738,5.521048999309869,92,2829
1678,2,eat meal,1358,3,2945,2854,3.089983022071307,80,2933
1679,2,eat meal,1390,1,3455,3194,7.554269175108538,84,3277
1680,2,eat meal,1390,2,3076,2968,3.5110533159947983,2,2969
1681,2,eat meal,1390,3,4019,3914,2.61259019656631,34,3947
1682,2,eat meal,1396,1,2079,1980,4.761904761904762,6,1985
1683,2,eat meal,1396,2,2046,1936,5.376344086021505,110,2045
1684,2,eat meal,1396,3,2069,2002,3.2382793620106334,48,2049
1685,2,eat meal,1405,1,3047,2344,23.07187397440105,402,2745
1686,2,eat meal,1405,2,3252,2574,20.84870848708487,424,2997
1687,2,eat meal,1405,3,3652,3228,11.610076670317634,384,3611
1688,2,eat meal,1435,1,2794,2678,4.151753758052971,16,2693
1689,2,eat meal,1435,2,2612,2298,12.021439509954059,64,2361
1690,2,eat meal,1435,3,2668,2592,2.848575712143928,12,2603
1691,2,eat meal,1453,1,2794,2678,4.151753758052971,16,2693
1692,2,eat meal,1453,2,2612,2298,12.021439509954059,64,2361
1693,2,eat meal,1453,3,2668,2592,2.848575712143928,12,2603
1694,2,eat meal,1505,1,3160,3078,2.5949367088607596,8,3085
1695,2,eat meal,1505,2,3553,3410,4.024767801857585,106,3515
1696,2,eat meal,1505,3,3634,3574,1.651073197578426,50,3623
1697,2,eat meal,1570,1,3270,3126,4.4036697247706424,106,3231
1698,2,eat meal,1570,2,2943,2858,2.888209310227659,16,2873
1699,2,eat meal,1570,3,4814,4450,7.561279601163274,72,4521
1700,2,eat meal,1697,1,2549,2384,6.473126716359356,54,2437
1701,2,eat meal,1697,2,2555,2462,3.639921722113503,20,2481
1702,2,eat meal,1697,3,2908,2736,5.914718019257221,38,2773
1703,2,eat meal,1735,1,2695,2270,15.769944341372913,18,2287
1704,2,eat meal,1735,2,2220,1878,15.405405405405405,44,1921
1705,2,eat meal,1735,3,2669,2554,4.3087298613713,2,2555
1706,2,eat meal,1751,1,5792,4950,14.537292817679559,686,5635
1707,2,eat meal,1751,2,7060,6804,3.6260623229461757,0,6803
1708,2,eat meal,1751,3,6244,5924,5.1249199231262015,70,5993
1709,2,eat meal,1777,1,2605,2486,4.568138195777351,86,2571
1710,2,eat meal,1777,2,3074,3036,1.236174365647365,30,3065
1711,2,eat meal,1777,3,2635,2516,4.516129032258065,56,2571
1712,2,eat meal,1803,1,2776,2678,3.5302593659942363,96,2773
1713,2,eat meal,1803,2,2669,2602,2.5103034844511054,66,2667
1714,2,eat meal,1803,3,1868,1548,17.130620985010708,92,1639
1715,2,eat meal,1825,1,4391,4284,2.4368025506718287,102,4385
1716,2,eat meal,1825,2,4723,4582,2.985390641541393,32,4613
1717,2,eat meal,1825,3,6024,5994,0.49800796812749004,20,6013
1718,2,eat meal,1975,1,2699,2672,1.0003705075954057,18,2689
1719,2,eat meal,1975,2,2757,2704,1.922379397896264,20,2723
1720,2,eat meal,1975,3,2807,2734,2.6006412540078374,0,2733
1721,2,eat meal,1978,1,3204,3120,2.6217228464419478,24,3143
1722,2,eat meal,1978,2,3117,2994,3.946102021174206,64,3057
1723,2,eat meal,1978,3,3187,2858,10.323187951051144,78,2935
1724,2,eat meal,2045,1,2131,1942,8.869075551384327,158,2099
1725,2,eat meal,2045,2,2191,1596,27.156549520766774,434,2029
1726,2,eat meal,2045,3,2191,2050,6.435417617526244,98,2147
1727,2,eat meal,2056,1,2638,1908,27.672479150871872,388,2295
1728,2,eat meal,2056,2,2683,1920,28.438315318673126,356,2275
1729,2,eat meal,2056,3,2679,1924,28.182157521463232,372,2295
1730,2,eat meal,2097,1,5586,5534,0.9308986752595775,0,5533
1731,2,eat meal,2097,2,2990,2694,9.899665551839465,150,2843
1732,2,eat meal,2097,3,3572,3506,1.8477043673012319,6,3511
1733,2,eat meal,2115,1,2720,1930,29.044117647058822,124,2053
1734,2,eat meal,2115,2,3588,2554,28.818283166109254,530,3083
1735,2,eat meal,2115,3,3628,2650,26.957001102535834,524,3173
1736,2,eat meal,2116,1,2480,2358,4.919354838709677,56,2413
1737,2,eat meal,2116,2,2550,2206,13.490196078431373,6,2211
1738,2,eat meal,2116,3,2518,2298,8.737092930897537,32,2329
1739,2,eat meal,2136,1,2642,2440,7.645722937168811,54,2493
1740,2,eat meal,2136,2,3196,3118,2.4405506883604504,54,3171
1741,2,eat meal,2136,3,3895,3810,2.1822849807445444,66,3875
1742,2,eat meal,2155,1,2487,2422,2.613590671491757,0,2421
1743,2,eat meal,2155,2,2451,2354,3.9575683394532843,24,2377
1744,2,eat meal,2155,3,2549,1858,27.10867006669282,34,1891
1745,2,eat meal,2159,1,2696,2216,17.80415430267062,114,2329
1746,2,eat meal,2159,2,3479,3308,4.915205518827249,74,3381
1747,2,eat meal,2159,3,3764,3354,10.892667375132838,102,3455
1748,2,eat meal,2160,1,2732,2636,3.513909224011713,68,2703
1749,2,eat meal,2160,2,2963,2784,6.041174485318933,58,2841
1750,2,eat meal,2160,3,2792,2570,7.951289398280802,142,2711
1751,2,eat meal,2160,4,1638,1444,11.843711843711844,122,1565
1752,20,blow nose,0,1,579,478,17.443868739205527,4,481
1753,20,blow nose,0,2,728,522,28.296703296703296,86,607
1754,20,blow nose,0,3,880,660,25.0,104,763
1755,20,blow nose,0,4,991,866,12.613521695257315,56,921
1756,20,blow nose,0,5,686,546,20.408163265306122,64,609
1757,20,blow nose,1125,1,290,210,27.586206896551722,6,215
1758,20,blow nose,1125,2,336,258,23.214285714285715,4,261
1759,20,blow nose,1125,3,275,194,29.454545454545453,38,231
1760,20,blow nose,1125,4,265,265,0.0,0,264
1761,20,blow nose,1125,5,270,210,22.22222222222222,10,219
1762,20,blow nose,1279,1,282,208,26.24113475177305,34,241
1763,20,blow nose,1279,2,269,269,0.0,0,268
1764,20,blow nose,1279,3,300,250,16.666666666666668,22,271
1765,20,blow nose,1279,4,325,232,28.615384615384617,60,291
1766,20,blow nose,1279,5,305,232,23.934426229508198,56,287
1767,20,blow nose,1313,1,261,102,60.91954022988506,34,135
1768,20,blow nose,1313,2,302,108,64.23841059602648,96,203
1769,20,blow nose,1313,3,313,124,60.38338658146965,34,157
1770,20,blow nose,1313,4,287,132,54.00696864111498,30,161
1771,20,blow nose,1313,5,267,267,0.0,0,266
1772,20,blow nose,1324,1,873,698,20.04581901489118,126,823
1773,20,blow nose,1324,2,736,568,22.82608695652174,50,617
1774,20,blow nose,1324,3,827,742,10.278113663845224,52,793
1775,20,blow nose,1324,4,818,696,14.91442542787286,52,747
1776,20,blow nose,1324,5,946,784,17.12473572938689,100,883
1777,20,blow nose,1358,1,237,170,28.270042194092827,66,235
1778,20,blow nose,1358,2,200,172,14.0,28,199
1779,20,blow nose,1358,3,284,230,19.014084507042252,54,283
1780,20,blow nose,1358,4,372,226,39.24731182795699,146,371
1781,20,blow nose,1358,5,291,291,0.0,0,290
1782,20,blow nose,1390,1,520,218,58.07692307692308,42,259
1783,20,blow nose,1390,2,424,192,54.716981132075475,74,265
1784,20,blow nose,1390,3,540,346,35.925925925925924,62,407
1785,20,blow nose,1390,4,676,478,29.28994082840237,20,497
1786,20,blow nose,1390,5,637,316,50.39246467817896,158,473
1787,20,blow nose,1396,1,247,128,48.178137651821864,74,201
1788,20,blow nose,1396,2,200,152,24.0,46,197
1789,20,blow nose,1396,3,175,142,18.857142857142858,32,173
1790,20,blow nose,1396,4,177,162,8.474576271186441,14,175
1791,20,blow nose,1396,5,232,210,9.482758620689655,12,221
1792,20,blow nose,1405,1,1534,624,59.32203389830509,458,1081
1793,20,blow nose,1405,2,1957,1032,47.266223811957076,424,1455
1794,20,blow nose,1405,3,1806,938,48.06201550387597,460,1397
1795,20,blow nose,1405,4,1561,914,41.44778987828315,226,1139
1796,20,blow nose,1405,5,2032,978,51.87007874015748,472,1449
1807,20,blow nose,1505,1,204,204,0.0,0,203
1808,20,blow nose,1505,2,198,124,37.37373737373738,72,195
1809,20,blow nose,1505,3,179,179,0.0,0,178
1810,20,blow nose,1505,4,210,118,43.80952380952381,4,121
1811,20,blow nose,1505,5,219,219,0.0,0,218
1812,20,blow nose,1570,1,379,302,20.316622691292874,52,353
1813,20,blow nose,1570,2,359,250,30.362116991643454,76,325
1814,20,blow nose,1570,3,410,316,22.926829268292682,10,325
1815,20,blow nose,1570,4,397,332,16.3727959697733,38,369
1816,20,blow nose,1570,5,437,370,15.331807780320366,6,375
1817,20,blow nose,1697,1,448,322,28.125,52,373
1818,20,blow nose,1697,2,475,288,39.36842105263158,108,395
1819,20,blow nose,1697,3,417,230,44.84412470023981,150,379
1820,20,blow nose,1697,4,409,326,20.293398533007334,56,381
1821,20,blow nose,1697,5,473,396,16.27906976744186,36,431
1822,20,blow nose,1735,1,167,167,0.0,0,166
1823,20,blow nose,1735,2,95,95,0.0,0,94
1824,20,blow nose,1735,3,166,166,0.0,0,165
1825,20,blow nose,1735,4,226,226,0.0,0,225
1826,20,blow nose,1735,5,240,216,10.0,24,239
1827,20,blow nose,1751,1,880,494,43.86363636363637,336,829
1828,20,blow nose,1751,2,1518,586,61.3965744400527,502,1087
1829,20,blow nose,1751,3,1602,700,56.30461922596754,536,1235
1830,20,blow nose,1751,4,1439,540,62.47394023627519,476,1015
1831,20,blow nose,1751,5,1360,522,61.61764705882353,508,1029
1832,20,blow nose,1777,1,308,224,27.272727272727273,44,267
1833,20,blow nose,1777,2,368,284,22.82608695652174,48,331
1834,20,blow nose,1777,3,351,238,32.193732193732195,104,341
1835,20,blow nose,1777,4,344,302,12.209302325581396,40,341
1836,20,blow nose,1777,5,425,318,25.176470588235293,98,415
1837,20,blow nose,1803,1,209,209,0.0,0,208
1838,20,blow nose,1803,2,348,178,48.85057471264368,2,179
1839,20,blow nose,1803,3,270,270,0.0,0,269
1840,20,blow nose,1803,4,289,110,61.937716262975776,38,147
1841,20,blow nose,1803,5,216,216,0.0,0,215
1842,20,blow nose,1825,1,505,294,41.78217821782178,124,417
1843,20,blow nose,1825,2,742,430,42.04851752021563,144,573
1844,20,blow nose,1825,3,647,344,46.831530139103556,192,535
1845,20,blow nose,1825,4,560,278,50.357142857142854,204,481
1846,20,blow nose,1825,5,624,378,39.42307692307692,98,475
1847,20,blow nose,1975,1,210,178,15.238095238095237,32,209
1848,20,blow nose,1975,2,250,216,13.6,22,237
1849,20,blow nose,1975,3,239,239,0.0,0,238
1850,20,blow nose,1975,4,228,164,28.07017543859649,64,227
1851,20,blow nose,1975,5,229,229,0.0,0,228
1852,20,blow nose,1978,1,240,182,24.166666666666668,42,223
1853,20,blow nose,1978,2,206,110,46.601941747572816,52,161
1854,20,blow nose,1978,3,196,196,0.0,0,195
1855,20,blow nose,1978,4,221,190,14.027149321266968,24,213
1856,20,blow nose,1978,5,182,182,0.0,0,181
1857,20,blow nose,2045,1,732,660,9.836065573770492,26,685
1858,20,blow nose,2045,2,223,223,0.0,0,222
1859,20,blow nose,2045,3,250,250,0.0,0,249
1860,20,blow nose,2045,4,348,158,54.59770114942529,40,197
1861,20,blow nose,2045,5,284,168,40.84507042253521,116,283
1862,20,blow nose,2056,1,440,216,50.90909090909091,224,439
1863,20,blow nose,2056,2,647,256,60.43276661514683,228,483
1864,20,blow nose,2056,3,629,240,61.84419713831478,228,467
1865,20,blow nose,2056,4,650,266,59.07692307692308,206,471
1866,20,blow nose,2056,5,705,280,60.283687943262414,206,485
1867,20,blow nose,2097,1,204,204,0.0,0,203
1868,20,blow nose,2097,2,204,110,46.07843137254902,42,151
1869,20,blow nose,2097,3,321,178,44.54828660436137,46,223
1870,20,blow nose,2097,4,284,162,42.95774647887324,92,253
1871,20,blow nose,2097,5,229,110,51.96506550218341,38,147
1872,20,blow nose,2115,1,1420,1028,27.6056338028169,132,1159
1873,20,blow nose,2115,2,1403,892,36.421952957947255,468,1359
1874,20,blow nose,2115,3,1366,746,45.387994143484626,402,1147
1875,20,blow nose,2115,4,1398,820,41.3447782546495,130,949
1876,20,blow nose,2115,5,1478,990,33.01759133964817,138,1127
1877,20,blow nose,2116,1,388,342,11.855670103092784,20,361
1878,20,blow nose,2116,2,417,350,16.06714628297362,48,397
1879,20,blow nose,2116,3,418,312,25.358851674641148,84,395
1880,20,blow nose,2116,4,368,320,13.043478260869565,22,341
1881,20,blow nose,2116,5,567,474,16.402116402116402,74,547
1882,20,blow nose,2136,1,412,232,43.689320388349515,108,339
1883,20,blow nose,2136,2,545,192,64.77064220183486,296,487
1884,20,blow nose,2136,3,518,120,76.83397683397683,326,445
1885,20,blow nose,2136,4,647,492,23.956723338485318,108,599
1886,20,blow nose,2136,5,548,388,29.197080291970803,52,439
1887,20,blow nose,2155,1,323,162,49.845201238390096,144,305
1888,20,blow nose,2155,2,303,252,16.831683168316832,28,279
1889,20,blow nose,2155,3,271,220,18.819188191881917,36,255
1890,20,blow nose,2155,4,270,126,53.333333333333336,136,261
1891,20,blow nose,2155,5,262,234,10.687022900763358,14,247
1892,20,blow nose,2159,1,583,420,27.958833619210978,72,491
1893,20,blow nose,2159,2,499,348,30.260521042084168,78,425
1894,20,blow nose,2159,3,573,308,46.2478184991274,78,385
1895,20,blow nose,2159,4,872,780,10.55045871559633,36,815
1896,20,blow nose,2159,5,596,478,19.798657718120804,52,529
1897,20,blow nose,2160,1,362,212,41.43646408839779,32,243
1898,20,blow nose,2160,2,363,208,42.69972451790633,90,297
1899,20,blow nose,2160,3,377,204,45.88859416445624,110,313
1900,20,blow nose,2160,4,444,250,43.693693693693696,112,361
1901,20,blow nose,2160,5,480,398,17.083333333333332,82,479
1902,21,washing hands,0,1,1433,1058,26.168876482903002,172,1229
1903,21,washing hands,0,2,2063,1730,16.141541444498305,100,1829
1904,21,washing hands,0,3,2200,1740,20.90909090909091,292,2031
1905,21,washing hands,0,4,2236,1818,18.694096601073344,220,2037
1906,21,washing hands,0,5,2688,2402,10.639880952380953,182,2583
1907,21,washing hands,1125,1,803,586,27.023661270236612,112,697
1908,21,washing hands,1125,2,601,458,23.793677204658902,26,483
1909,21,washing hands,1125,3,627,444,29.1866028708134,108,551
1910,21,washing hands,1125,4,593,452,23.777403035413155,28,479
1911,21,washing hands,1125,5,628,458,27.070063694267517,80,537
1912,21,washing hands,1279,1,690,328,52.46376811594203,208,535
1913,21,washing hands,1279,2,821,540,34.22655298416565,80,619
1914,21,washing hands,1279,3,747,404,45.91700133868809,178,581
1915,21,washing hands,1279,4,811,516,36.37484586929716,294,809
1916,21,washing hands,1279,5,783,412,47.381864623243935,140,551
1917,21,washing hands,1313,1,648,330,49.074074074074076,216,545
1918,21,washing hands,1313,2,700,300,57.142857142857146,162,461
1919,21,washing hands,1313,3,528,290,45.07575757575758,136,425
1920,21,washing hands,1313,4,569,290,49.033391915641474,150,439
1921,21,washing hands,1313,5,542,226,58.30258302583026,186,411
1922,21,washing hands,1324,1,1401,884,36.902212705210566,454,1337
1923,21,washing hands,1324,2,1790,1494,16.536312849162012,282,1775
1924,21,washing hands,1324,3,1227,914,25.509372453137733,300,1213
1925,21,washing hands,1324,4,1476,1138,22.899728997289973,304,1441
1926,21,washing hands,1324,5,1451,1246,14.128187456926257,168,1413
1927,21,washing hands,1358,1,1278,968,24.2566510172144,174,1141
1928,21,washing hands,1358,2,1162,762,34.42340791738382,338,1099
1929,21,washing hands,1358,3,737,540,26.72998643147897,192,731
1930,21,washing hands,1358,4,816,682,16.42156862745098,130,811
1931,21,washing hands,1358,5,725,530,26.896551724137932,164,693
1932,21,washing hands,1390,1,990,698,29.494949494949495,96,793
1933,21,washing hands,1390,2,1390,886,36.2589928057554,222,1107
1934,21,washing hands,1390,3,1860,1426,23.333333333333332,250,1675
1935,21,washing hands,1390,4,1617,1246,22.943722943722943,220,1465
1936,21,washing hands,1390,5,1389,1008,27.429805615550755,198,1205
1937,21,washing hands,1396,1,703,584,16.927453769559033,64,647
1938,21,washing hands,1396,2,353,353,0.0,0,352
1939,21,washing hands,1396,3,422,302,28.436018957345972,74,375
1940,21,washing hands,1396,4,483,434,10.144927536231885,20,453
1941,21,washing hands,1396,5,546,258,52.747252747252745,50,307
1942,21,washing hands,1405,1,1843,898,51.275094953879545,488,1385
1943,21,washing hands,1405,2,2220,1170,47.2972972972973,480,1649
1944,21,washing hands,1405,3,2447,1400,42.787086228034326,606,2005
1945,21,washing hands,1405,4,1659,890,46.353224834237494,666,1555
1946,21,washing hands,1405,5,2174,1132,47.93008279668813,540,1671
1957,21,washing hands,1505,1,432,178,58.7962962962963,54,231
1958,21,washing hands,1505,2,495,450,9.090909090909092,10,459
1959,21,washing hands,1505,3,423,342,19.148936170212767,80,421
1960,21,washing hands,1505,4,464,230,50.43103448275862,72,301
1961,21,washing hands,1505,5,452,234,48.230088495575224,54,287
1962,21,washing hands,1570,1,1171,790,32.53629376601196,268,1057
1963,21,washing hands,1570,2,976,538,44.877049180327866,284,821
1964,21,washing hands,1570,3,1063,676,36.40639698965193,240,915
1965,21,washing hands,1570,4,949,724,23.709167544783984,48,771
1966,21,washing hands,1570,5,1099,778,29.208371246587806,252,1029
1967,21,washing hands,1697,1,1019,754,26.005888125613346,134,887
1968,21,washing hands,1697,2,893,736,17.581187010078388,62,797
1969,21,washing hands,1697,3,850,538,36.705882352941174,206,743
1970,21,washing hands,1697,4,887,624,29.650507328072152,120,743
1971,21,washing hands,1697,5,779,570,26.829268292682926,110,679
1972,21,washing hands,1735,1,2549,2016,20.910160847391133,162,2177
1973,21,washing hands,1735,2,613,236,61.500815660685156,174,409
1974,21,washing hands,1735,3,628,314,50.0,120,433
1975,21,washing hands,1735,4,605,310,48.760330578512395,162,471
1976,21,washing hands,1735,5,624,342,45.19230769230769,144,485
1977,21,washing hands,1751,1,2298,1322,42.47171453437772,494,1815
1978,21,washing hands,1751,2,2147,1012,52.86446204005589,558,1569
1979,21,washing hands,1751,3,1998,904,54.75475475475476,564,1467
1980,21,washing hands,1751,4,1920,894,53.4375,564,1457
1981,21,washing hands,1751,5,2039,1070,47.52329573320255,556,1625
1982,21,washing hands,1777,1,1327,736,44.53654860587792,504,1239
1983,21,washing hands,1777,2,991,628,36.629667003027244,340,967
1984,21,washing hands,1777,3,1470,1266,13.877551020408163,132,1397
1985,21,washing hands,1777,4,1413,1034,26.822363765038926,302,1335
1986,21,washing hands,1777,5,1750,1400,20.0,302,1701
1987,21,washing hands,1803,1,938,476,49.25373134328358,224,699
1988,21,washing hands,1803,2,1022,756,26.027397260273972,54,809
1989,21,washing hands,1803,3,1829,1158,36.686714051394205,466,1623
1990,21,washing hands,1803,4,1700,1164,31.529411764705884,374,1537
1991,21,washing hands,1803,5,1307,654,49.96174445294568,336,989
1992,21,washing hands,1825,1,1440,1214,15.694444444444445,152,1365
1993,21,washing hands,1825,2,2209,1742,21.14078768673608,134,1875
1994,21,washing hands,1825,3,1872,1412,24.572649572649574,236,1647
1995,21,washing hands,1825,4,1727,1204,30.28372900984366,100,1303
1996,21,washing hands,1825,5,2268,1772,21.869488536155202,256,2027
1997,21,washing hands,1975,1,1004,504,49.800796812749006,114,617
1998,21,washing hands,1975,2,997,678,31.995987963891675,138,815
1999,21,washing hands,1975,3,765,332,56.60130718954248,148,479
2000,21,washing hands,1975,4,1132,776,31.448763250883392,198,973
2001,21,washing hands,1975,5,1154,494,57.19237435008665,46,539
2002,21,washing hands,1978,1,576,284,50.69444444444444,196,479
2003,21,washing hands,1978,2,571,440,22.942206654991242,108,547
2004,21,washing hands,1978,3,475,130,72.63157894736842,226,355
2005,21,washing hands,1978,4,476,214,55.04201680672269,140,353
2006,21,washing hands,1978,5,487,330,32.238193018480494,38,367
2007,21,washing hands,2045,1,614,384,37.45928338762215,132,515
2008,21,washing hands,2045,2,821,592,27.892813641900123,152,743
2009,21,washing hands,2045,3,655,454,30.68702290076336,68,521
2010,21,washing hands,2045,4,668,576,13.77245508982036,88,663
2011,21,washing hands,2045,5,837,672,19.71326164874552,118,789
2012,21,washing hands,2056,1,897,566,36.90078037904125,258,823
2013,21,washing hands,2056,2,1104,664,39.85507246376812,316,979
2014,21,washing hands,2056,3,963,596,38.110072689511945,282,877
2015,21,washing hands,2056,4,1184,790,33.277027027027025,216,1005
2016,21,washing hands,2056,5,1001,562,43.85614385614386,250,811
2017,21,washing hands,2097,1,466,266,42.918454935622314,112,377
2018,21,washing hands,2097,2,588,182,69.04761904761905,96,277
2019,21,washing hands,2097,3,663,310,53.242835595776775,96,405
2020,21,washing hands,2097,4,614,254,58.63192182410423,168,421
2021,21,washing hands,2097,5,419,214,48.92601431980907,34,247
2022,21,washing hands,2115,1,2228,1290,42.100538599640934,460,1749
2023,21,washing hands,2115,2,1975,1102,44.20253164556962,444,1545
2024,21,washing hands,2115,3,2227,1340,39.82936686124832,486,1825
2025,21,washing hands,2115,4,2012,1482,26.341948310139166,480,1961
2026,21,washing hands,2115,5,2404,1716,28.618968386023294,678,2393
2027,21,washing hands,2116,1,454,190,58.14977973568282,136,325
2028,21,washing hands,2116,2,558,278,50.17921146953405,78,355
2029,21,washing hands,2116,3,621,352,43.31723027375201,164,515
2030,21,washing hands,2116,4,634,230,63.722397476340696,212,441
2031,21,washing hands,2116,5,825,600,27.272727272727273,188,787
2032,21,washing hands,2136,1,857,652,23.920653442240372,108,759
2033,21,washing hands,2136,2,999,728,27.127127127127128,92,819
2034,21,washing hands,2136,3,1100,734,33.27272727272727,258,991
2035,21,washing hands,2136,4,1148,910,20.73170731707317,90,999
2036,21,washing hands,2136,5,1428,1192,16.526610644257705,114,1305
2037,21,washing hands,2155,1,974,562,42.299794661190965,322,883
2038,21,washing hands,2155,2,1091,708,35.105407882676445,292,999
2039,21,washing hands,2155,3,775,376,51.483870967741936,226,601
2040,21,washing hands,2155,4,791,520,34.260429835651074,196,715
2041,21,washing hands,2155,5,623,400,35.79454253611557,208,607
2042,21,washing hands,2159,1,1292,864,33.126934984520126,186,1049
2043,21,washing hands,2159,2,1444,764,47.091412742382275,280,1043
2044,21,washing hands,2159,3,1644,1212,26.277372262773724,210,1421
2045,21,washing hands,2159,4,1553,1014,34.707018673535096,304,1317
2046,21,washing hands,2159,5,1274,880,30.926216640502354,178,1057
2047,21,washing hands,2160,1,914,578,36.76148796498906,118,695
2048,21,washing hands,2160,2,917,594,35.223555070883314,172,765
2049,21,washing hands,2160,3,865,462,46.589595375722546,336,797
2050,21,washing hands,2160,4,930,628,32.473118279569896,226,853
2051,21,washing hands,2160,5,805,240,70.1863354037267,486,725
2052,22,dusting,0,1,1912,1282,32.94979079497908,116,1397
2053,22,dusting,0,2,2338,2080,11.035072711719419,112,2191
2054,22,dusting,0,3,2580,2234,13.410852713178295,144,2377
2055,22,dusting,0,4,2992,2734,8.622994652406417,34,2767
2056,22,dusting,0,5,2687,2286,14.923706736136955,172,2457
2057,22,dusting,1125,1,1753,1620,7.586993725042784,24,1643
2058,22,dusting,1125,2,2088,1926,7.758620689655173,52,1977
2059,22,dusting,1125,3,1979,1830,7.529055078322385,68,1897
2060,22,dusting,1125,4,2921,2850,2.4306744265662443,8,2857
2061,22,dusting,1125,5,2121,1894,10.702498821310703,62,1955
2062,22,dusting,1279,1,1472,1346,8.559782608695652,108,1453
2063,22,dusting,1279,2,1494,1280,14.323962516733602,62,1341
2064,22,dusting,1279,3,1498,1244,16.955941255006675,26,1269
2065,22,dusting,1279,4,1527,1398,8.447937131630649,28,1425
2066,22,dusting,1279,5,1487,1360,8.540685944855413,14,1373
2067,22,dusting,1313,1,1431,1152,19.49685534591195,32,1183
2068,22,dusting,1313,2,1454,1378,5.226960110041265,6,1383
2069,22,dusting,1313,3,1281,1116,12.880562060889929,0,1115
2070,22,dusting,1313,4,1220,728,40.32786885245902,302,1029
2071,22,dusting,1313,5,1379,1376,0.21754894851341552,0,1375
2072,22,dusting,1324,1,1543,1312,14.970836033700584,84,1395
2073,22,dusting,1324,2,2201,1928,12.403452975920036,54,1981
2074,22,dusting,1324,3,2127,1846,13.211095439586272,102,1947
2075,22,dusting,1324,4,2360,1972,16.440677966101696,116,2087
2076,22,dusting,1324,5,1977,1934,2.175012645422357,30,1963
2077,22,dusting,1358,1,1556,1396,10.282776349614396,76,1471
2078,22,dusting,1358,2,1463,1310,10.457963089542037,40,1349
2079,22,dusting,1358,3,1562,1298,16.901408450704224,26,1323
2080,22,dusting,1358,4,1537,1466,4.6193884189980485,30,1495
2081,22,dusting,1358,5,1436,1276,11.142061281337048,4,1279
2082,22,dusting,1390,1,3310,2960,10.574018126888218,290,3249
2083,22,dusting,1390,2,1908,1300,31.865828092243188,562,1861
2084,22,dusting,1390,3,2819,2660,5.6402979780063855,98,2757
2085,22,dusting,1390,4,2048,1962,4.19921875,44,2005
2086,22,dusting,1390,5,3012,2808,6.772908366533865,82,2889
2087,22,dusting,1396,1,1076,868,19.33085501858736,58,925
2088,22,dusting,1396,2,1199,950,20.767306088407008,4,953
2089,22,dusting,1396,3,628,382,39.17197452229299,232,613
2090,22,dusting,1396,4,674,592,12.166172106824925,46,637
2091,22,dusting,1396,5,1191,1074,9.82367758186398,8,1081
2092,22,dusting,1405,1,2309,1170,49.32871372888697,510,1679
2093,22,dusting,1405,2,2513,1442,42.618384401114206,508,1949
2094,22,dusting,1405,3,2723,1658,39.11127432978333,596,2253
2095,22,dusting,1405,4,2747,1566,42.99235529668729,664,2229
2096,22,dusting,1405,5,2631,1730,34.24553401748385,384,2113
2112,22,dusting,1570,1,1843,1668,9.495387954422139,56,1723
2113,22,dusting,1570,2,2137,1906,10.809546092653251,146,2051
2114,22,dusting,1570,3,2959,2722,8.009462656302805,128,2849
2115,22,dusting,1570,4,3021,2930,3.0122476001324063,22,2951
2116,22,dusting,1570,5,2043,1808,11.502692119432208,96,1903
2117,22,dusting,1697,1,1674,1574,5.973715651135006,20,1593
2118,22,dusting,1697,2,1740,1632,6.206896551724138,74,1705
2119,22,dusting,1697,3,1590,1384,12.955974842767295,0,1383
2120,22,dusting,1697,4,1368,918,32.89473684210526,130,1047
2121,22,dusting,1697,5,1613,1436,10.97334159950403,16,1451
2122,22,dusting,1735,1,2696,2580,4.3026706231454,42,2621
2123,22,dusting,1735,2,1643,1402,14.668289713937918,98,1499
2124,22,dusting,1735,3,1827,952,47.89272030651341,0,951
2125,22,dusting,1735,4,1556,1474,5.269922879177378,4,1477
2126,22,dusting,1735,5,2244,1938,13.636363636363637,178,2115
2127,22,dusting,1751,1,2368,1354,42.820945945945944,578,1931
2128,22,dusting,1751,2,2767,1794,35.16443801951572,508,2301
2129,22,dusting,1751,3,2841,1870,34.17810630059838,454,2323
2130,22,dusting,1751,4,2814,1890,32.83582089552239,546,2435
2131,22,dusting,1751,5,2944,2050,30.366847826086957,524,2573
2132,22,dusting,1777,1,2936,2868,2.316076294277929,18,2885
2133,22,dusting,1777,2,1430,1136,20.55944055944056,204,1339
2134,22,dusting,1777,3,1466,1378,6.002728512960436,16,1393
2135,22,dusting,1777,4,1464,1074,26.639344262295083,250,1323
2136,22,dusting,1777,5,1443,992,31.254331254331255,204,1195
2137,22,dusting,1803,1,1498,1326,11.481975967957275,90,1415
2138,22,dusting,1803,2,1572,1402,10.814249363867685,116,1517
2139,22,dusting,1803,3,1800,1608,10.666666666666666,60,1667
2140,22,dusting,1803,4,1574,1408,10.546378653113088,48,1455
2141,22,dusting,1803,5,1516,1324,12.664907651715039,50,1373
2142,22,dusting,1825,1,2744,2614,4.737609329446064,20,2633
2143,22,dusting,1825,2,2158,1962,9.082483781278961,90,2051
2144,22,dusting,1825,3,2083,1930,7.345175228036486,16,1945
2145,22,dusting,1825,4,1726,1502,12.977983777520278,42,1543
2146,22,dusting,1825,5,1813,1436,20.79426365140651,290,1725
2147,22,dusting,1975,1,2586,2162,16.39597834493426,398,2559
2148,22,dusting,1975,2,1576,1458,7.4873096446700504,0,1457
2149,22,dusting,1975,3,1587,1550,2.3314429741650913,14,1563
2150,22,dusting,1975,4,1833,1828,0.27277686852154936,0,1827
2151,22,dusting,1975,5,1572,1542,1.9083969465648856,16,1557
2152,22,dusting,1978,1,1536,1254,18.359375,172,1425
2153,22,dusting,1978,2,1085,940,13.36405529953917,90,1029
2154,22,dusting,1978,3,1606,1476,8.094645080946451,38,1513
2155,22,dusting,1978,4,1488,1154,22.446236559139784,104,1257
2156,22,dusting,1978,5,1292,1164,9.907120743034056,116,1279
2157,22,dusting,2045,1,982,960,2.240325865580448,0,959
2158,22,dusting,2045,2,1136,1066,6.161971830985915,70,1135
2159,22,dusting,2045,3,1257,1202,4.375497215592681,54,1255
2160,22,dusting,2045,4,1027,966,5.939629990262902,60,1025
2161,22,dusting,2045,5,1247,1188,4.731355252606255,58,1245
2162,22,dusting,2056,1,1597,1192,25.360050093926112,244,1435
2163,22,dusting,2056,2,1516,1118,26.2532981530343,192,1309
2164,22,dusting,2056,3,1205,942,21.82572614107884,204,1145
2165,22,dusting,2056,4,1658,1084,34.62002412545235,236,1319
2166,22,dusting,2056,5,1607,1204,25.07778469197262,284,1487
2167,22,dusting,2097,1,1128,1046,7.2695035460992905,50,1095
2168,22,dusting,2097,2,960,818,14.791666666666666,92,909
2169,22,dusting,2097,3,960,818,14.791666666666666,92,909
2170,22,dusting,2097,4,1128,1046,7.2695035460992905,50,1095
2171,22,dusting,2097,5,1128,1046,7.2695035460992905,50,1095
2172,22,dusting,2115,1,2243,1236,44.895229603209984,498,1733
2173,22,dusting,2115,2,2192,1218,44.434306569343065,504,1721
2174,22,dusting,2115,3,2587,1678,35.13722458446077,502,2179
2175,22,dusting,2115,4,2100,1206,42.57142857142857,476,1681
2176,22,dusting,2115,5,2242,1680,25.066904549509367,66,1745
2177,22,dusting,2116,1,1393,1128,19.023689877961235,264,1391
2178,22,dusting,2116,2,1322,1192,9.833585476550681,28,1219
2179,22,dusting,2116,3,1269,1010,20.40977147360126,42,1051
2180,22,dusting,2116,4,1299,1180,9.16089299461124,80,1259
2181,22,dusting,2116,5,1288,1246,3.260869565217391,36,1281
2182,22,dusting,2136,1,1573,1514,3.750794659885569,46,1559
2183,22,dusting,2136,2,1401,1054,24.76802284082798,52,1105
2184,22,dusting,2136,3,1833,1718,6.2738679759956355,44,1761
2185,22,dusting,2136,4,1328,1150,13.403614457831326,12,1161
2186,22,dusting,2136,5,2143,1914,10.685954269715353,132,2045
2187,22,dusting,2155,1,1546,1532,0.9055627425614489,12,1543
2188,22,dusting,2155,2,1573,1416,9.980928162746345,20,1435
2189,22,dusting,2155,3,1581,1502,4.996837444655282,10,1511
2190,22,dusting,2155,4,1531,758,50.489875898105815,52,809
2191,22,dusting,2155,5,1408,1058,24.857954545454547,0,1057
2192,22,dusting,2159,1,1863,1662,10.789049919484702,58,1719
2193,22,dusting,2159,2,2237,2078,7.107733571747876,152,2229
2194,22,dusting,2159,3,1911,1452,24.01883830455259,308,1759
2195,22,dusting,2159,4,2219,1938,12.663361874718342,102,2039
2196,22,dusting,2159,5,2777,2434,12.35145840835434,342,2775
2197,22,dusting,2160,1,1814,1564,13.781697905181918,182,1745
2198,22,dusting,2160,2,1884,1668,11.464968152866241,176,1843
2199,22,dusting,2160,5,1784,1480,17.04035874439462,94,1573
2200,23,ironing,0,1,2488,2140,13.987138263665594,186,2325
2201,23,ironing,0,2,3477,3114,10.440034512510785,0,3113
2202,23,ironing,0,3,3168,2928,7.575757575757576,12,2939
2203,23,ironing,0,4,3176,2764,12.972292191435768,346,3109
2204,23,ironing,0,5,2838,2660,6.272022551092318,26,2685
2205,23,ironing,1125,1,1714,1632,4.784130688448075,6,1637
2206,23,ironing,1125,2,2183,2082,4.626660558863949,0,2081
2207,23,ironing,1125,3,1946,1880,3.3915724563206577,12,1891
2208,23,ironing,1125,4,1896,1772,6.540084388185654,50,1821
2209,23,ironing,1125,5,1828,1762,3.6105032822757113,4,1765
2210,23,ironing,1279,1,1398,1348,3.57653791130186,26,1373
2211,23,ironing,1279,2,1408,1234,12.357954545454545,128,1361
2212,23,ironing,1279,3,1386,1340,3.318903318903319,20,1359
2213,23,ironing,1279,4,1521,1258,17.291255752794214,232,1489
2214,23,ironing,1279,5,1378,1288,6.531204644412192,70,1357
2215,23,ironing,1313,1,1413,1082,23.425336164189666,322,1403
2216,23,ironing,1313,2,1452,1320,9.090909090909092,46,1365
2217,23,ironing,1313,3,1310,1170,10.687022900763358,28,1197
2218,23,ironing,1313,4,1392,1348,3.160919540229885,18,1365
2219,23,ironing,1313,5,1296,1296,0.0,0,1295
2220,23,ironing,1324,1,1360,1008,25.88235294117647,22,1029
2221,23,ironing,1324,2,2028,1810,10.749506903353057,212,2021
2222,23,ironing,1324,3,2240,1954,12.767857142857142,66,2019
2223,23,ironing,1324,4,2411,2042,15.304852758191622,152,2193
2224,23,ironing,1324,5,2534,2030,19.88950276243094,20,2049
2225,23,ironing,1358,1,1489,1324,11.081262592343855,0,1323
2226,23,ironing,1358,2,1348,1174,12.908011869436201,56,1229
2227,23,ironing,1358,3,1288,1174,8.850931677018634,70,1243
2228,23,ironing,1358,4,1273,1230,3.377847604084839,42,1271
2229,23,ironing,1358,5,1304,1172,10.122699386503067,34,1205
2230,23,ironing,1390,1,2798,2714,3.002144388849178,2,2715
2231,23,ironing,1390,2,2722,2582,5.143277002204262,52,2633
2232,23,ironing,1390,3,2285,2016,11.772428884026258,116,2131
2233,23,ironing,1390,4,3220,2892,10.186335403726709,86,2977
2234,23,ironing,1390,5,3070,3006,2.0846905537459284,54,3059
2235,23,ironing,1396,1,2035,2028,0.343980343980344,2,2029
2236,23,ironing,1396,2,1332,1150,13.663663663663664,132,1281
2237,23,ironing,1396,3,1433,1122,21.70272156315422,0,1121
2238,23,ironing,1396,4,1669,1582,5.2127022168963455,10,1591
2239,23,ironing,1396,5,1886,1824,3.2873806998939554,2,1825
2240,23,ironing,1405,1,3037,2386,21.43562726374712,132,2517
2241,23,ironing,1405,2,3430,2464,28.163265306122447,456,2919
2242,23,ironing,1405,3,2600,1674,35.61538461538461,446,2119
2243,23,ironing,1405,4,2723,1788,34.33712816746236,414,2201
2244,23,ironing,1405,5,2695,1718,36.252319109461965,468,2185
2260,23,ironing,1570,1,1657,1626,1.8708509354254677,6,1631
2261,23,ironing,1570,2,2138,2050,4.11599625818522,48,2097
2262,23,ironing,1570,3,1806,1708,5.426356589147287,18,1725
2263,23,ironing,1570,4,1941,1834,5.512622359608449,78,1911
2264,23,ironing,1570,5,1732,1634,5.658198614318707,10,1643
2265,23,ironing,1697,1,1697,1606,5.362404242781379,10,1615
2266,23,ironing,1697,2,1733,1574,9.174841315637623,64,1637
2267,23,ironing,1697,3,1834,1678,8.505997818974919,74,1751
2268,23,ironing,1697,4,1802,1624,9.877913429522753,60,1683
2269,23,ironing,1697,5,1767,1552,12.167515563101302,72,1623
2270,23,ironing,1735,1,2261,2104,6.943830163644405,24,2127
2271,23,ironing,1735,2,1691,1646,2.6611472501478417,8,1653
2272,23,ironing,1735,3,2228,2048,8.07899461400359,94,2141
2273,23,ironing,1735,4,1589,1392,12.397734424166142,92,1483
2274,23,ironing,1735,5,1921,1462,23.893805309734514,38,1499
2275,23,ironing,1751,1,2569,2116,17.633320358116,162,2277
2276,23,ironing,1751,2,2455,1706,30.5091649694501,478,2183
2277,23,ironing,1751,3,2610,2172,16.7816091954023,164,2335
2278,23,ironing,1751,4,2592,1766,31.867283950617285,532,2297
2279,23,ironing,1751,5,2982,2158,27.632461435278337,498,2655
2280,23,ironing,1777,1,1297,1220,5.936777178103315,0,1219
2281,23,ironing,1777,2,1300,1276,1.8461538461538463,24,1299
2282,23,ironing,1777,3,1315,1160,11.787072243346008,72,1231
2283,23,ironing,1777,4,1312,1276,2.7439024390243905,34,1309
2284,23,ironing,1777,5,1289,1140,11.559348332040342,0,1139
2285,23,ironing,1803,1,1415,994,29.752650176678443,364,1357
2286,23,ironing,1803,2,1287,1220,5.205905205905206,54,1273
2287,23,ironing,1803,3,1482,1482,0.0,0,1481
2288,23,ironing,1803,4,1496,1460,2.406417112299465,14,1473
2289,23,ironing,1803,5,2162,2018,6.66049953746531,114,2131
2290,23,ironing,1825,1,1841,1818,1.249321021184139,0,1817
2291,23,ironing,1825,2,1589,1486,6.482064191315293,98,1583
2292,23,ironing,1825,3,1636,1542,5.745721271393643,2,1543
2293,23,ironing,1825,4,1775,1602,9.746478873239436,160,1761
2294,23,ironing,1825,5,1481,1466,1.012829169480081,0,1465
2295,23,ironing,1975,1,1665,1554,6.666666666666667,10,1563
2296,23,ironing,1975,2,1362,1278,6.167400881057269,68,1345
2297,23,ironing,1975,3,1736,1578,9.101382488479263,140,1717
2298,23,ironing,1975,4,1500,1322,11.866666666666667,44,1365
2299,23,ironing,1975,5,2244,2058,8.288770053475936,36,2093
2300,23,ironing,1978,1,1427,1176,17.589348283111423,6,1181
2301,23,ironing,1978,2,2271,2034,10.435931307793924,108,2141
2302,23,ironing,1978,3,1569,1530,2.48565965583174,24,1553
2303,23,ironing,1978,5,1391,1104,20.632638389647735,196,1299
2305,23,ironing,2045,1,1183,1140,3.6348267117497888,42,1181
2306,23,ironing,2045,2,1017,930,8.55457227138643,24,953
2307,23,ironing,2045,3,1476,1380,6.504065040650406,14,1393
2308,23,ironing,2045,4,1008,842,16.46825396825397,14,855
2309,23,ironing,2045,5,1163,1124,3.353396388650043,38,1161
2310,23,ironing,2056,1,1503,1170,22.15568862275449,100,1269
2311,23,ironing,2056,2,1481,1478,0.2025658338960162,2,1479
2312,23,ironing,2056,3,1462,1138,22.161422708618332,128,1265
2313,23,ironing,2056,4,1546,1110,28.201811125485122,214,1323
2314,23,ironing,2056,5,1408,1022,27.414772727272727,196,1217
2315,23,ironing,2097,1,1334,1060,20.539730134932533,242,1301
2316,23,ironing,2097,2,1324,1150,13.141993957703928,88,1237
2317,23,ironing,2097,3,1114,1014,8.976660682226212,82,1095
2318,23,ironing,2097,4,1345,1250,7.063197026022305,86,1335
2319,23,ironing,2097,5,1695,1404,17.168141592920353,44,1447
2320,23,ironing,2115,1,2247,1476,34.31241655540721,376,1851
2321,23,ironing,2115,2,2265,1592,29.713024282560706,536,2127
2322,23,ironing,2115,3,2315,1478,36.15550755939525,524,2001
2323,23,ironing,2115,4,2363,1838,22.217520101565807,220,2057
2324,23,ironing,2115,5,2202,1562,29.064486830154404,524,2085
2325,23,ironing,2116,1,1216,1174,3.4539473684210527,32,1205
2326,23,ironing,2116,2,1264,1218,3.6392405063291138,44,1261
2327,23,ironing,2116,3,1269,1130,10.95350669818755,100,1229
2328,23,ironing,2116,4,1238,1050,15.18578352180937,58,1107
2329,23,ironing,2116,5,1378,900,34.68795355587808,4,903
2330,23,ironing,2136,1,1478,1432,3.1123139377537212,0,1431
2331,23,ironing,2136,2,1220,1134,7.049180327868853,32,1165
2332,23,ironing,2136,3,1285,1134,11.750972762645915,32,1165
2333,23,ironing,2136,4,1390,1290,7.194244604316546,48,1337
2334,23,ironing,2136,5,1470,1450,1.3605442176870748,4,1453
2335,23,ironing,2155,1,1499,1238,17.41160773849233,0,1237
2336,23,ironing,2155,2,1479,1378,6.8289384719405,80,1457
2337,23,ironing,2155,3,1443,1308,9.355509355509355,122,1429
2338,23,ironing,2155,4,1465,1180,19.453924914675767,78,1257
2339,23,ironing,2155,5,1405,1194,15.017793594306049,188,1381
2340,23,ironing,2159,1,1618,1186,26.699629171817058,34,1219
2341,23,ironing,2159,2,2157,2080,3.569772832637923,58,2137
2342,23,ironing,2159,3,1360,1234,9.264705882352942,24,1257
2343,23,ironing,2159,4,1724,1578,8.468677494199536,0,1577
2344,23,ironing,2159,5,1711,1690,1.2273524254821742,2,1691
2345,23,ironing,2160,1,1753,1386,20.935539075869936,102,1487
2346,23,ironing,2160,2,1653,1346,18.572292800967936,226,1571
2347,23,ironing,2160,3,1773,1498,15.51043429216018,222,1719
2348,23,ironing,2160,4,1744,1564,10.321100917431192,104,1667
2349,23,ironing,2160,5,1776,1556,12.387387387387387,142,1697
2350,24,washing dishes,0,1,2732,2420,11.420204978038067,192,2611
2351,24,washing dishes,0,2,3585,3306,7.7824267782426775,140,3445
2352,24,washing dishes,0,3,3391,2754,18.785019168386906,224,2977
2353,24,washing dishes,0,4,4910,4400,10.386965376782078,204,4603
2354,24,washing dishes,0,5,4252,3766,11.429915333960489,192,3957
2355,24,washing dishes,1125,1,901,830,7.880133185349612,10,839
2356,24,washing dishes,1125,2,1016,818,19.488188976377952,92,909
2357,24,washing dishes,1125,3,942,856,9.129511677282379,34,889
2358,24,washing dishes,1125,4,1112,734,33.992805755395686,302,1035
2359,24,washing dishes,1125,5,934,812,13.062098501070663,10,821
2360,24,washing dishes,1279,1,417,156,62.589928057553955,66,221
2361,24,washing dishes,1279,2,450,226,49.77777777777778,24,249
2362,24,washing dishes,1279,3,416,294,29.326923076923077,14,307
2363,24,washing dishes,1279,4,474,252,46.835443037974684,24,275
2364,24,washing dishes,1279,5,747,588,21.285140562248998,100,687
2365,24,washing dishes,1313,1,867,378,56.40138408304498,240,617
2366,24,washing dishes,1313,2,931,522,43.9312567132116,240,761
2367,24,washing dishes,1313,3,993,662,33.333333333333336,82,743
2368,24,washing dishes,1313,4,894,406,54.58612975391499,322,727
2369,24,washing dishes,1313,5,835,546,34.61077844311377,174,719
2370,24,washing dishes,1324,1,1389,1126,18.934485241180706,138,1263
2371,24,washing dishes,1324,2,1813,1512,16.602316602316602,152,1663
2372,24,washing dishes,1324,3,1418,1132,20.169252468265164,246,1377
2373,24,washing dishes,1324,4,1418,1198,15.514809590973202,114,1311
2374,24,washing dishes,1324,5,1665,1448,13.033033033033034,180,1627
2375,24,washing dishes,1358,1,744,552,25.806451612903224,192,743
2376,24,washing dishes,1358,2,1209,798,33.99503722084367,90,887
2377,24,washing dishes,1358,3,689,302,56.16835994194485,88,389
2378,24,washing dishes,1358,4,946,602,36.36363636363637,260,861
2379,24,washing dishes,1358,5,1368,1144,16.374269005847953,116,1259
2380,24,washing dishes,1390,1,1424,782,45.08426966292135,212,993
2381,24,washing dishes,1390,2,2632,2182,17.09726443768997,136,2317
2382,24,washing dishes,1390,3,2476,1858,24.959612277867528,94,1951
2383,24,washing dishes,1390,4,2800,2290,18.214285714285715,118,2407
2384,24,washing dishes,1390,5,3406,2686,21.139166177334115,132,2817
2385,24,washing dishes,1396,1,639,426,33.333333333333336,188,613
2386,24,washing dishes,1396,2,983,582,40.79348931841302,70,651
2387,24,washing dishes,1396,3,793,658,17.023959646910466,70,727
2388,24,washing dishes,1396,4,1092,1026,6.043956043956044,36,1061
2389,24,washing dishes,1396,5,834,588,29.496402877697843,64,651
2390,24,washing dishes,1405,1,2397,1478,38.33959115561118,478,1955
2391,24,washing dishes,1405,2,2361,1386,41.29606099110546,498,1883
2392,24,washing dishes,1405,3,2663,1572,40.968832144198274,514,2085
2393,24,washing dishes,1405,4,2474,1530,38.156831042845596,556,2085
2394,24,washing dishes,1405,5,2628,1742,33.71385083713851,528,2269
2405,24,washing dishes,1505,1,317,126,60.25236593059937,32,157
2406,24,washing dishes,1505,2,347,156,55.04322766570605,56,211
2407,24,washing dishes,1505,3,298,162,45.63758389261745,112,273
2408,24,washing dishes,1505,4,359,182,49.30362116991643,58,239
2409,24,washing dishes,1505,5,334,176,47.30538922155689,46,221
2410,24,washing dishes,1570,1,1802,1374,23.751387347391788,120,1493
2411,24,washing dishes,1570,2,1680,1446,13.928571428571429,98,1543
2412,24,washing dishes,1570,3,1878,1514,19.382321618743344,96,1609
2413,24,washing dishes,1570,4,2257,1810,19.805050952591937,158,1967
2414,24,washing dishes,1570,5,1935,1758,9.147286821705427,8,1765
2415,24,washing dishes,1697,1,877,656,25.199543899657925,92,747
2416,24,washing dishes,1697,2,1241,984,20.70910556003223,66,1049
2417,24,washing dishes,1697,3,1250,976,21.92,92,1067
2418,24,washing dishes,1697,4,1153,918,20.381613183000866,82,999
2419,24,washing dishes,1697,5,1292,1054,18.42105263157895,92,1145
2420,24,washing dishes,1735,1,611,378,38.1342062193126,120,497
2421,24,washing dishes,1735,2,420,244,41.904761904761905,84,327
2422,24,washing dishes,1735,3,742,530,28.571428571428573,112,641
2423,24,washing dishes,1735,4,590,474,19.661016949152543,22,495
2424,24,washing dishes,1735,5,748,542,27.540106951871657,54,595
2425,24,washing dishes,1751,1,2136,1570,26.49812734082397,32,1601
2426,24,washing dishes,1751,2,2296,1318,42.59581881533101,560,1877
2427,24,washing dishes,1751,3,2285,1380,39.606126914660834,456,1835
2428,24,washing dishes,1751,4,2234,1250,44.04655326768129,510,1759
2429,24,washing dishes,1751,5,2501,1576,36.985205917632946,456,2031
2430,24,washing dishes,1777,1,696,320,54.02298850574713,174,493
2431,24,washing dishes,1777,2,1335,842,36.92883895131086,188,1029
2432,24,washing dishes,1777,3,976,758,22.33606557377049,32,789
2433,24,washing dishes,1777,4,780,612,21.53846153846154,94,705
2434,24,washing dishes,1777,5,1304,1252,3.9877300613496933,50,1301
2435,24,washing dishes,1803,1,930,734,21.0752688172043,58,791
2436,24,washing dishes,1803,2,1208,756,37.41721854304636,182,937
2437,24,washing dishes,1803,3,1168,1168,0.0,0,1167
2438,24,washing dishes,1803,4,1111,1048,5.6705670567056705,52,1099
2439,24,washing dishes,1803,5,878,570,35.07972665148064,294,863
2440,24,washing dishes,1825,1,1667,1318,20.935812837432515,112,1429
2441,24,washing dishes,1825,2,1366,1184,13.323572474377745,104,1287
2442,24,washing dishes,1825,3,1221,1000,18.0999180999181,82,1081
2443,24,washing dishes,1825,4,1494,1218,18.473895582329316,102,1319
2444,24,washing dishes,1825,5,2064,1710,17.151162790697676,230,1939
2445,24,washing dishes,1975,1,1205,620,48.54771784232365,218,837
2446,24,washing dishes,1975,2,779,610,21.694480102695763,80,689
2447,24,washing dishes,1975,3,706,536,24.07932011331445,26,561
2448,24,washing dishes,1975,4,766,582,24.02088772845953,40,621
2449,24,washing dishes,1975,5,873,462,47.07903780068729,90,551
2450,24,washing dishes,1978,1,631,306,51.50554675118859,74,379
2451,24,washing dishes,1978,2,357,122,65.82633053221288,72,193
2452,24,washing dishes,1978,3,315,110,65.07936507936508,112,221
2453,24,washing dishes,1978,4,371,264,28.840970350404312,66,329
2454,24,washing dishes,1978,5,340,340,0.0,0,339
2455,24,washing dishes,2045,1,1559,1470,5.708787684413085,88,1557
2456,24,washing dishes,2045,2,1234,1022,17.179902755267424,174,1195
2457,24,washing dishes,2045,3,1101,750,31.88010899182561,82,831
2458,24,washing dishes,2045,4,962,878,8.731808731808732,34,911
2459,24,washing dishes,2045,5,891,748,16.049382716049383,142,889
2460,24,washing dishes,2056,1,1009,522,48.26560951437067,246,767
2461,24,washing dishes,2056,2,1268,556,56.15141955835962,354,909
2462,24,washing dishes,2056,3,1239,746,39.79015334947538,270,1015
2463,24,washing dishes,2056,4,811,478,41.060419235511716,240,717
2464,24,washing dishes,2056,5,1177,714,39.33729821580289,316,1029
2465,24,washing dishes,2097,1,414,216,47.82608695652174,118,333
2466,24,washing dishes,2097,2,663,576,13.122171945701357,26,601
2467,24,washing dishes,2097,3,943,814,13.679745493107106,52,865
2468,24,washing dishes,2097,4,698,528,24.355300859598852,10,537
2469,24,washing dishes,2115,1,2290,1376,39.91266375545852,510,1885
2470,24,washing dishes,2115,2,2675,1698,36.52336448598131,558,2255
2471,24,washing dishes,2115,3,2308,1334,42.201039861351816,510,1843
2472,24,washing dishes,2115,4,2354,1404,40.35683942225998,510,1913
2473,24,washing dishes,2115,5,2800,1742,37.785714285714285,528,2269
2474,24,washing dishes,2116,1,473,274,42.07188160676533,144,417
2475,24,washing dishes,2116,2,772,554,28.238341968911918,162,715
2476,24,washing dishes,2116,3,578,382,33.910034602076124,110,491
2477,24,washing dishes,2116,4,624,530,15.064102564102564,56,585
2478,24,washing dishes,2116,5,677,596,11.964549483013293,20,615
2479,24,washing dishes,2136,1,1297,1110,14.417887432536624,70,1179
2480,24,washing dishes,2136,2,1816,1764,2.8634361233480177,52,1815
2481,24,washing dishes,2136,3,1432,1284,10.335195530726256,32,1315
2482,24,washing dishes,2136,4,1547,1342,13.251454427925017,72,1413
2483,24,washing dishes,2136,5,1743,1498,14.056224899598394,230,1727
2484,24,washing dishes,2155,1,719,256,64.39499304589708,24,279
2485,24,washing dishes,2155,2,497,204,58.95372233400403,0,203
2486,24,washing dishes,2155,3,474,214,54.85232067510549,0,213
2487,24,washing dishes,2155,4,418,418,0.0,0,417
2488,24,washing dishes,2155,5,551,230,58.25771324863884,0,229
2489,24,washing dishes,2159,1,1325,766,42.18867924528302,154,919
2490,24,washing dishes,2159,2,708,398,43.78531073446328,116,513
2491,24,washing dishes,2159,3,1110,974,12.252252252252251,90,1063
2492,24,washing dishes,2159,4,1035,728,29.66183574879227,130,857
2493,24,washing dishes,2159,5,1193,922,22.715842414082147,170,1091
2494,24,washing dishes,2160,1,760,482,36.578947368421055,132,613
2495,24,washing dishes,2160,2,914,724,20.787746170678336,142,865
2496,24,washing dishes,2160,3,784,508,35.204081632653065,134,641
2497,24,washing dishes,2160,4,964,786,18.46473029045643,104,889
2498,24,washing dishes,2160,5,748,502,32.88770053475936,36,537
2499,3,open a bottle,0,1,670,218,67.46268656716418,260,477
2500,3,open a bottle,0,2,972,464,52.26337448559671,296,759
2501,3,open a bottle,0,3,1108,514,53.6101083032491,288,801
2502,3,open a bottle,0,4,1030,704,31.650485436893202,88,791
2503,3,open a bottle,0,5,1028,488,52.52918287937743,244,731
2504,3,open a bottle,1125,1,473,254,46.300211416490484,100,353
2505,3,open a bottle,1125,2,549,342,37.704918032786885,84,425
2506,3,open a bottle,1125,3,577,378,34.48873483535529,80,457
2507,3,open a bottle,1125,4,480,340,29.166666666666668,82,421
2508,3,open a bottle,1125,5,448,324,27.678571428571427,54,377
2509,3,open a bottle,1279,1,298,186,37.58389261744966,30,215
2510,3,open a bottle,1279,2,432,206,52.31481481481482,18,223
2511,3,open a bottle,1279,3,399,216,45.86466165413534,50,265
2512,3,open a bottle,1279,4,488,358,26.639344262295083,0,357
2513,3,open a bottle,1279,5,367,180,50.95367847411444,18,197
2514,3,open a bottle,1313,1,539,254,52.87569573283859,136,389
2515,3,open a bottle,1313,2,457,172,62.36323851203501,100,271
2516,3,open a bottle,1313,3,457,220,51.85995623632385,122,341
2517,3,open a bottle,1313,4,436,162,62.84403669724771,120,281
2518,3,open a bottle,1313,5,490,118,75.91836734693878,154,271
2519,3,open a bottle,1324,1,439,214,51.252847380410024,106,319
2520,3,open a bottle,1324,2,463,294,36.50107991360691,86,379
2521,3,open a bottle,1324,3,395,122,69.11392405063292,68,189
2522,3,open a bottle,1324,4,413,112,72.88135593220339,140,251
2523,3,open a bottle,1324,5,374,210,43.850267379679146,98,307
2524,3,open a bottle,1358,1,404,136,66.33663366336634,102,237
2525,3,open a bottle,1358,2,419,174,58.472553699284006,100,273
2526,3,open a bottle,1358,3,327,194,40.67278287461774,96,289
2527,3,open a bottle,1358,4,299,299,0.0,0,298
2528,3,open a bottle,1358,5,275,275,0.0,0,274
2529,3,open a bottle,1390,1,881,390,55.73212258796822,248,637
2530,3,open a bottle,1390,2,859,318,62.980209545983705,120,437
2531,3,open a bottle,1390,3,837,426,49.10394265232975,178,603
2532,3,open a bottle,1390,4,896,352,60.714285714285715,164,515
2533,3,open a bottle,1390,5,1000,442,55.8,168,609
2534,3,open a bottle,1396,1,156,156,0.0,0,155
2535,3,open a bottle,1396,2,274,212,22.62773722627737,18,229
2536,3,open a bottle,1396,3,196,154,21.428571428571427,40,193
2537,3,open a bottle,1396,4,202,202,0.0,0,201
2538,3,open a bottle,1396,5,323,276,14.551083591331269,26,301
2539,3,open a bottle,1405,1,1484,782,47.304582210242586,396,1177
2540,3,open a bottle,1405,2,1743,1032,40.79173838209983,470,1501
2541,3,open a bottle,1405,3,1528,1110,27.356020942408378,48,1157
2542,3,open a bottle,1405,4,1632,758,53.55392156862745,468,1225
2543,3,open a bottle,1405,5,3410,2768,18.826979472140764,332,3099
2544,3,open a bottle,1435,1,316,118,62.65822784810127,88,205
2545,3,open a bottle,1435,2,319,210,34.1692789968652,24,233
2546,3,open a bottle,1435,3,309,112,63.75404530744336,20,131
2547,3,open a bottle,1435,4,345,136,60.57971014492754,100,235
2548,3,open a bottle,1435,5,428,174,59.345794392523366,176,349
2549,3,open a bottle,1453,1,316,118,62.65822784810127,88,205
2550,3,open a bottle,1453,2,319,210,34.1692789968652,24,233
2551,3,open a bottle,1453,3,309,112,63.75404530744336,20,131
2552,3,open a bottle,1453,4,345,136,60.57971014492754,100,235
2553,3,open a bottle,1453,5,428,174,59.345794392523366,176,349
2554,3,open a bottle,1505,1,1010,526,47.92079207920792,242,767
2555,3,open a bottle,1505,2,608,210,65.46052631578948,208,417
2556,3,open a bottle,1505,3,583,294,49.57118353344769,110,403
2557,3,open a bottle,1505,4,481,282,41.37214137214137,98,379
2558,3,open a bottle,1505,5,480,170,64.58333333333333,100,269
2559,3,open a bottle,1570,1,501,278,44.510978043912175,52,329
2560,3,open a bottle,1570,2,572,246,56.99300699300699,84,329
2561,3,open a bottle,1570,3,531,282,46.89265536723164,16,297
2562,3,open a bottle,1570,4,607,402,33.77265238879736,108,509
2563,3,open a bottle,1570,5,490,336,31.428571428571427,42,377
2564,3,open a bottle,1697,1,524,342,34.732824427480914,76,417
2565,3,open a bottle,1697,2,543,284,47.697974217311234,70,353
2566,3,open a bottle,1697,3,494,334,32.388663967611336,58,391
2567,3,open a bottle,1697,4,647,394,39.10355486862442,70,463
2568,3,open a bottle,1697,5,519,336,35.26011560693642,66,401
2569,3,open a bottle,1735,1,282,182,35.46099290780142,30,211
2570,3,open a bottle,1735,2,304,146,51.973684210526315,34,179
2571,3,open a bottle,1735,3,223,126,43.497757847533634,12,137
2572,3,open a bottle,1735,4,287,128,55.400696864111495,56,183
2573,3,open a bottle,1735,5,328,138,57.926829268292686,104,241
2574,3,open a bottle,1751,1,1328,1000,24.698795180722893,132,1131
2575,3,open a bottle,1751,2,1286,882,31.41524105754277,196,1077
2576,3,open a bottle,1751,3,1684,782,53.56294536817102,482,1263
2577,3,open a bottle,1751,4,1833,890,51.44571740316421,566,1455
2578,3,open a bottle,1751,5,1543,954,38.17239144523655,324,1277
2579,3,open a bottle,1777,1,321,321,0.0,0,320
2580,3,open a bottle,1777,2,926,714,22.89416846652268,32,745
2581,3,open a bottle,1777,3,492,348,29.26829268292683,76,423
2582,3,open a bottle,1777,4,484,308,36.36363636363637,76,383
2583,3,open a bottle,1777,5,493,286,41.987829614604465,150,435
2584,3,open a bottle,1803,1,273,273,0.0,0,272
2585,3,open a bottle,1803,2,357,268,24.92997198879552,54,321
2586,3,open a bottle,1803,3,380,256,32.63157894736842,90,345
2587,3,open a bottle,1803,4,296,116,60.810810810810814,88,203
2588,3,open a bottle,1803,5,324,324,0.0,0,323
2589,3,open a bottle,1825,1,750,380,49.333333333333336,268,647
2590,3,open a bottle,1825,2,750,426,43.2,192,617
2591,3,open a bottle,1825,3,737,430,41.65535956580732,210,639
2592,3,open a bottle,1825,4,656,394,39.9390243902439,146,539
2593,3,open a bottle,1825,5,992,790,20.362903225806452,82,871
2594,3,open a bottle,1975,1,1294,1014,21.638330757341578,46,1059
2595,3,open a bottle,1975,2,442,220,50.2262443438914,28,247
2596,3,open a bottle,1975,3,433,198,54.27251732101617,6,203
2597,3,open a bottle,1975,4,370,164,55.67567567567568,62,225
2598,3,open a bottle,1975,5,327,130,60.24464831804281,36,165
2599,3,open a bottle,1978,1,931,564,39.41997851772288,110,673
2600,3,open a bottle,1978,2,622,424,31.832797427652732,94,517
2601,3,open a bottle,1978,3,496,276,44.354838709677416,124,399
2602,3,open a bottle,1978,4,516,130,74.8062015503876,386,515
2603,3,open a bottle,1978,5,502,212,57.76892430278885,102,313
2604,3,open a bottle,2045,1,228,164,28.07017543859649,56,219
2605,3,open a bottle,2045,2,577,432,25.12998266897747,112,543
2606,3,open a bottle,2045,3,435,230,47.12643678160919,108,337
2607,3,open a bottle,2045,4,423,218,48.463356973995275,192,409
2608,3,open a bottle,2045,5,273,273,0.0,0,272
2609,3,open a bottle,2056,1,973,376,61.356628982528264,410,785
2610,3,open a bottle,2056,2,1016,310,69.48818897637796,380,689
2611,3,open a bottle,2056,3,998,330,66.93386773547094,346,675
2612,3,open a bottle,2056,4,1009,370,63.33002973240833,370,739
2613,3,open a bottle,2056,5,1050,396,62.285714285714285,340,735
2614,3,open a bottle,2097,1,953,758,20.461699895068207,36,793
2615,3,open a bottle,2097,2,652,428,34.355828220858896,76,503
2616,3,open a bottle,2097,3,945,838,11.322751322751323,20,857
2617,3,open a bottle,2097,4,633,446,29.541864139020536,76,521
2618,3,open a bottle,2097,5,990,684,30.90909090909091,172,855
2619,3,open a bottle,2115,1,1619,798,50.71031500926498,272,1069
2620,3,open a bottle,2115,2,1861,944,49.274583557227295,474,1417
2621,3,open a bottle,2115,3,1917,1118,41.67970787689097,466,1583
2622,3,open a bottle,2115,4,1622,1238,23.674475955610358,114,1351
2623,3,open a bottle,2115,5,1625,1170,28.0,46,1215
2624,3,open a bottle,2116,1,510,190,62.745098039215684,30,219
2625,3,open a bottle,2116,2,420,226,46.19047619047619,62,287
2626,3,open a bottle,2116,3,547,414,24.314442413162705,132,545
2627,3,open a bottle,2116,4,420,330,21.428571428571427,68,397
2628,3,open a bottle,2116,5,595,396,33.445378151260506,144,539
2629,3,open a bottle,2136,1,444,312,29.72972972972973,28,339
2630,3,open a bottle,2136,2,566,424,25.08833922261484,50,473
2631,3,open a bottle,2136,3,502,366,27.09163346613546,14,379
2632,3,open a bottle,2136,4,499,390,21.8436873747495,8,397
2633,3,open a bottle,2136,5,498,304,38.95582329317269,58,361
2634,3,open a bottle,2155,1,570,406,28.771929824561404,68,473
2635,3,open a bottle,2155,2,599,236,60.60100166944908,26,261
2636,3,open a bottle,2155,3,482,378,21.57676348547718,16,393
2637,3,open a bottle,2155,4,444,412,7.207207207207207,26,437
2638,3,open a bottle,2155,5,387,370,4.392764857881137,0,369
2639,3,open a bottle,2159,1,816,384,52.94117647058823,122,505
2640,3,open a bottle,2159,2,776,416,46.391752577319586,118,533
2641,3,open a bottle,2159,3,810,410,49.382716049382715,156,565
2642,3,open a bottle,2159,4,802,530,33.915211970074814,174,703
2643,3,open a bottle,2159,5,794,460,42.0654911838791,180,639
2644,3,open a bottle,2160,1,1384,952,31.213872832369944,324,1275
2645,3,open a bottle,2160,2,985,482,51.065989847715734,370,851
2646,3,open a bottle,2160,3,860,400,53.48837209302326,328,727
2647,3,open a bottle,2160,4,789,474,39.92395437262358,136,609
2648,3,open a bottle,2160,5,796,604,24.12060301507538,12,615
2649,4,open a box,0,1,1477,1108,24.983073798239676,148,1255
2650,4,open a box,0,2,989,514,48.02831142568251,110,623
2651,4,open a box,0,3,1049,628,40.13346043851287,188,815
2652,4,open a box,0,4,1245,922,25.943775100401606,126,1047
2653,4,open a box,0,5,1180,656,44.40677966101695,154,809
2654,4,open a box,1125,1,750,496,33.86666666666667,10,505
2655,4,open a box,1125,2,505,332,34.257425742574256,112,443
2656,4,open a box,1125,3,445,390,12.359550561797754,2,391
2657,4,open a box,1125,4,384,252,34.375,66,317
2658,4,open a box,1125,5,516,352,31.782945736434108,70,421
2659,4,open a box,1279,1,248,118,52.41935483870968,0,117
2660,4,open a box,1279,2,179,179,0.0,0,178
2661,4,open a box,1279,3,258,258,0.0,0,257
2662,4,open a box,1279,5,130,130,0.0,0,129
2663,4,open a box,1313,1,366,120,67.21311475409836,84,203
2664,4,open a box,1313,2,358,124,65.36312849162012,82,205
2665,4,open a box,1313,3,440,248,43.63636363636363,46,293
2666,4,open a box,1313,4,335,132,60.59701492537314,64,195
2667,4,open a box,1313,5,503,322,35.984095427435385,36,357
2668,4,open a box,1324,1,288,122,57.638888888888886,80,201
2669,4,open a box,1324,2,248,248,0.0,0,247
2670,4,open a box,1324,3,239,239,0.0,0,238
2671,4,open a box,1324,4,356,124,65.1685393258427,72,195
2672,4,open a box,1324,5,234,234,0.0,0,233
2673,4,open a box,1358,1,736,438,40.48913043478261,108,545
2674,4,open a box,1358,2,406,142,65.02463054187191,96,237
2675,4,open a box,1358,3,571,244,57.26795096322242,162,405
2676,4,open a box,1358,4,488,216,55.73770491803279,114,329
2677,4,open a box,1358,5,564,406,28.01418439716312,74,479
2678,4,open a box,1390,1,796,262,67.08542713567839,150,411
2679,4,open a box,1390,2,612,214,65.0326797385621,214,427
2680,4,open a box,1390,3,544,356,34.55882352941177,94,449
2681,4,open a box,1390,4,677,218,67.79911373707533,202,419
2682,4,open a box,1390,5,875,294,66.4,294,587
2683,4,open a box,1396,1,204,104,49.01960784313726,2,105
2684,4,open a box,1396,2,177,177,0.0,0,176
2685,4,open a box,1396,3,213,166,22.065727699530516,2,167
2686,4,open a box,1396,4,223,186,16.591928251121075,36,221
2687,4,open a box,1396,5,185,136,26.486486486486488,0,135
2688,4,open a box,1405,1,1215,462,61.97530864197531,400,861
2689,4,open a box,1405,2,1226,478,61.01141924959217,372,849
2690,4,open a box,1405,3,1167,466,60.06855184233076,404,869
2691,4,open a box,1405,4,1376,544,60.46511627906977,462,1005
2692,4,open a box,1405,5,1457,476,67.33013040494166,542,1017
2693,4,open a box,1435,1,204,110,46.07843137254902,54,163
2694,4,open a box,1435,2,244,130,46.721311475409834,88,217
2695,4,open a box,1435,3,232,134,42.241379310344826,82,215
2696,4,open a box,1435,4,180,180,0.0,0,179
2697,4,open a box,1435,5,196,196,0.0,0,195
2698,4,open a box,1453,1,204,110,46.07843137254902,54,163
2699,4,open a box,1453,2,244,130,46.721311475409834,88,217
2700,4,open a box,1453,3,232,134,42.241379310344826,82,215
2701,4,open a box,1453,4,180,180,0.0,0,179
2702,4,open a box,1453,5,196,196,0.0,0,195
2703,4,open a box,1505,1,516,392,24.031007751937985,84,475
2704,4,open a box,1505,2,520,466,10.384615384615385,36,501
2705,4,open a box,1505,3,623,518,16.853932584269664,66,583
2706,4,open a box,1505,4,472,314,33.47457627118644,60,373
2707,4,open a box,1505,5,385,226,41.298701298701296,88,313
2708,4,open a box,1570,1,379,379,0.0,0,378
2709,4,open a box,1570,2,355,178,49.859154929577464,44,221
2710,4,open a box,1570,3,315,110,65.07936507936508,4,113
2711,4,open a box,1570,4,438,384,12.32876712328767,38,421
2712,4,open a box,1570,5,402,402,0.0,0,401
2713,4,open a box,1697,1,397,262,34.005037783375315,60,321
2714,4,open a box,1697,2,377,244,35.278514588859416,52,295
2715,4,open a box,1697,3,420,286,31.904761904761905,32,317
2716,4,open a box,1697,4,422,136,67.77251184834124,160,295
2717,4,open a box,1697,5,515,298,42.13592233009709,104,401
2718,4,open a box,1735,1,273,162,40.65934065934066,26,187
2719,4,open a box,1735,2,308,112,63.63636363636363,86,197
2720,4,open a box,1735,3,270,150,44.44444444444444,14,163
2721,4,open a box,1735,4,341,158,53.665689149560116,40,197
2722,4,open a box,1735,5,286,118,58.74125874125874,16,133
2723,4,open a box,1751,1,980,782,20.20408163265306,162,943
2724,4,open a box,1751,2,410,164,60.0,126,289
2725,4,open a box,1751,3,989,652,34.07482305358948,0,651
2726,4,open a box,1751,4,1473,466,68.36388323150034,472,937
2727,4,open a box,1751,5,1132,470,58.48056537102474,452,921
2728,4,open a box,1777,1,363,274,24.517906336088153,34,307
2729,4,open a box,1777,2,330,324,1.8181818181818181,6,329
2730,4,open a box,1777,3,444,346,22.07207207207207,68,413
2731,4,open a box,1777,4,290,204,29.655172413793103,66,269
2732,4,open a box,1777,5,256,212,17.1875,14,225
2733,4,open a box,1803,1,335,160,52.23880597014925,64,223
2734,4,open a box,1803,2,320,270,15.625,16,285
2735,4,open a box,1803,3,324,244,24.691358024691358,14,257
2736,4,open a box,1803,4,289,228,21.10726643598616,24,251
2737,4,open a box,1803,5,280,214,23.571428571428573,14,227
2738,4,open a box,1825,1,566,304,46.28975265017668,96,399
2739,4,open a box,1825,2,684,306,55.26315789473684,260,565
2740,4,open a box,1825,3,643,330,48.67807153965786,170,499
2741,4,open a box,1825,4,583,450,22.81303602058319,44,493
2742,4,open a box,1825,5,601,280,53.41098169717138,172,451
2743,4,open a box,1975,1,306,138,54.90196078431372,24,161
2744,4,open a box,1975,2,274,274,0.0,0,273
2745,4,open a box,1975,3,389,150,61.43958868894602,0,149
2746,4,open a box,1975,4,334,156,53.293413173652695,40,195
2747,4,open a box,1975,5,271,114,57.93357933579336,26,139
2748,4,open a box,1978,1,401,242,39.65087281795511,30,271
2749,4,open a box,1978,2,342,162,52.63157894736842,110,271
2750,4,open a box,1978,3,306,132,56.86274509803921,92,223
2751,4,open a box,1978,4,287,287,0.0,0,286
2752,4,open a box,1978,5,315,315,0.0,0,314
2753,4,open a box,2045,1,346,110,68.20809248554913,186,295
2754,4,open a box,2045,2,258,258,0.0,0,257
2755,4,open a box,2045,3,133,133,0.0,0,132
2756,4,open a box,2045,4,228,140,38.59649122807018,64,203
2757,4,open a box,2045,5,252,130,48.41269841269841,80,209
2758,4,open a box,2056,1,824,368,55.33980582524272,108,475
2759,4,open a box,2056,2,816,342,58.088235294117645,300,641
2760,4,open a box,2056,3,847,226,73.31759149940969,282,507
2761,4,open a box,2056,4,852,486,42.95774647887324,96,581
2762,4,open a box,2056,5,803,284,64.63262764632627,170,453
2763,4,open a box,2097,1,1091,1018,6.691109074243813,22,1039
2764,4,open a box,2097,2,1333,1122,15.828957239309828,34,1155
2765,4,open a box,2097,3,1673,1470,12.133891213389122,114,1583
2766,4,open a box,2097,4,1291,1014,21.456235476374903,140,1153
2767,4,open a box,2097,5,1291,1152,10.766847405112316,138,1289
2768,4,open a box,2115,1,1634,618,62.178702570379436,522,1139
2769,4,open a box,2115,2,1203,352,70.73981712385702,474,825
2770,4,open a box,2115,3,944,300,68.22033898305085,390,689
2771,4,open a box,2115,4,1080,568,47.407407407407405,254,821
2772,4,open a box,2115,5,1189,558,53.069806560134566,424,981
2773,4,open a box,2116,1,321,166,48.28660436137071,16,181
2774,4,open a box,2116,2,444,242,45.4954954954955,192,433
2775,4,open a box,2116,3,291,140,51.89003436426117,38,177
2776,4,open a box,2116,4,496,168,66.12903225806451,178,345
2777,4,open a box,2116,5,409,234,42.78728606356968,46,279
2778,4,open a box,2136,1,397,158,60.2015113350126,134,291
2779,4,open a box,2136,2,434,222,48.8479262672811,96,317
2780,4,open a box,2136,3,407,188,53.80835380835381,114,301
2781,4,open a box,2136,4,516,196,62.01550387596899,192,387
2782,4,open a box,2136,5,338,338,0.0,0,337
2783,4,open a box,2155,1,339,226,33.333333333333336,64,289
2784,4,open a box,2155,2,222,190,14.414414414414415,32,221
2785,4,open a box,2155,3,150,150,0.0,0,149
2786,4,open a box,2155,4,174,146,16.091954022988507,16,161
2787,4,open a box,2155,5,167,114,31.736526946107784,20,133
2788,4,open a box,2159,1,622,386,37.942122186495176,148,533
2789,4,open a box,2159,2,609,400,34.31855500821018,84,483
2790,4,open a box,2159,3,594,364,38.72053872053872,78,441
2791,4,open a box,2159,4,607,308,49.258649093904445,128,435
2792,4,open a box,2159,5,645,300,53.48837209302326,182,481
2793,4,open a box,2160,1,285,285,0.0,0,284
2794,4,open a box,2160,2,376,190,49.46808510638298,164,353
2795,4,open a box,2160,3,294,134,54.42176870748299,68,201
2796,4,open a box,2160,4,277,254,8.303249097472925,14,267
2797,4,open a box,2160,5,471,136,71.12526539278132,262,397
2798,5,brush teeth,0,1,2416,1514,37.33443708609271,690,2203
2799,5,brush teeth,0,2,3318,2284,31.163351416515972,846,3129
2800,5,brush teeth,0,3,4326,3746,13.407304669440592,356,4101
2801,5,brush teeth,0,4,2902,2154,25.775327360441075,542,2695
2802,5,brush teeth,0,5,3049,2490,18.333879960642832,154,2643
2803,5,brush teeth,1125,1,1960,1930,1.530612244897959,4,1933
2804,5,brush teeth,1125,2,2020,1906,5.643564356435643,0,1905
2805,5,brush teeth,1125,3,1942,1862,4.11946446961895,22,1883
2806,5,brush teeth,1125,4,1896,1844,2.742616033755274,8,1851
2807,5,brush teeth,1125,5,2091,1954,6.551889048302248,58,2011
2808,5,brush teeth,1279,1,2756,2554,7.329462989840349,174,2727
2809,5,brush teeth,1279,2,1994,1814,9.027081243731194,28,1841
2810,5,brush teeth,1279,3,1917,1842,3.912363067292645,16,1857
2811,5,brush teeth,1279,4,2005,1934,3.541147132169576,60,1993
2812,5,brush teeth,1279,5,2127,2070,2.6798307475317347,52,2121
2813,5,brush teeth,1313,1,1919,1686,12.141740489838458,94,1779
2814,5,brush teeth,1313,2,2072,1576,23.93822393822394,336,1911
2815,5,brush teeth,1313,3,1891,1668,11.792702273929137,86,1753
2816,5,brush teeth,1313,4,1920,1562,18.645833333333332,248,1809
2817,5,brush teeth,1313,5,2009,1874,6.719761075161772,82,1955
2818,5,brush teeth,1324,1,1970,1674,15.025380710659899,180,1853
2819,5,brush teeth,1324,2,1836,1764,3.9215686274509802,0,1763
2820,5,brush teeth,1324,3,2014,1608,20.158887785501488,372,1979
2821,5,brush teeth,1324,4,2061,1950,5.385735080058224,96,2045
2822,5,brush teeth,1324,5,1912,1504,21.338912133891213,60,1563
2823,5,brush teeth,1358,1,2145,1864,13.1002331002331,174,2037
2824,5,brush teeth,1358,2,2299,1770,23.010004349717267,158,1927
2825,5,brush teeth,1358,3,2068,1946,5.899419729206963,64,2009
2826,5,brush teeth,1358,4,1774,1622,8.568207440811724,70,1691
2827,5,brush teeth,1358,5,2059,1866,9.373482272948033,68,1933
2828,5,brush teeth,1390,1,2177,1888,13.275149288011024,126,2013
2829,5,brush teeth,1390,2,3639,3284,9.755427315196483,88,3371
2830,5,brush teeth,1390,3,2501,2332,6.757297081167533,12,2343
2831,5,brush teeth,1390,4,2502,2064,17.50599520383693,312,2375
2832,5,brush teeth,1390,5,2324,1984,14.629948364888124,14,1997
2833,5,brush teeth,1396,1,1024,870,15.0390625,62,931
2834,5,brush teeth,1396,2,1043,958,8.149568552253116,56,1013
2835,5,brush teeth,1396,3,1132,1050,7.243816254416961,36,1085
2836,5,brush teeth,1396,4,1060,826,22.07547169811321,36,861
2837,5,brush teeth,1396,5,1158,950,17.962003454231432,86,1035
2838,5,brush teeth,1405,1,2803,1894,32.42953977880842,288,2181
2839,5,brush teeth,1405,2,3623,2736,24.482473088600607,434,3169
2840,5,brush teeth,1405,3,3087,2452,20.570132815030775,382,2833
2841,5,brush teeth,1405,4,3025,2626,13.190082644628099,386,3011
2842,5,brush teeth,1405,5,2708,1936,28.50812407680945,380,2315
2843,5,brush teeth,1435,1,1787,1686,5.651930609960829,100,1785
2844,5,brush teeth,1435,2,1743,1702,2.3522662076878946,12,1713
2845,5,brush teeth,1435,3,1728,1586,8.217592592592593,88,1673
2846,5,brush teeth,1435,4,1750,1480,15.428571428571429,224,1703
2847,5,brush teeth,1435,5,1815,1286,29.146005509641874,140,1425
2848,5,brush teeth,1453,1,1787,1686,5.651930609960829,100,1785
2849,5,brush teeth,1453,2,1743,1702,2.3522662076878946,12,1713
2850,5,brush teeth,1453,3,1728,1586,8.217592592592593,88,1673
2851,5,brush teeth,1453,4,1750,1480,15.428571428571429,224,1703
2852,5,brush teeth,1453,5,1815,1286,29.146005509641874,140,1425
2853,5,brush teeth,1505,1,2237,2164,3.2632990612427357,60,2223
2854,5,brush teeth,1505,2,2069,2004,3.141614306428226,52,2055
2855,5,brush teeth,1505,3,2281,1916,16.001753616834723,36,1951
2856,5,brush teeth,1505,4,1974,1610,18.43971631205674,74,1683
2857,5,brush teeth,1505,5,1839,1642,10.712343665035345,140,1781
2858,5,brush teeth,1570,1,2078,1782,14.24446583253128,126,1907
2859,5,brush teeth,1570,2,3200,3096,3.25,58,3153
2860,5,brush teeth,1570,3,2345,2122,9.50959488272921,86,2207
2861,5,brush teeth,1570,4,1990,1814,8.844221105527637,52,1865
2862,5,brush teeth,1570,5,3040,2728,10.263157894736842,84,2811
2863,5,brush teeth,1697,1,1971,1872,5.0228310502283104,44,1915
2864,5,brush teeth,1697,2,2147,1864,13.181183046110853,132,1995
2865,5,brush teeth,1697,3,2016,1642,18.5515873015873,240,1881
2866,5,brush teeth,1697,4,2082,1850,11.143131604226705,160,2009
2867,5,brush teeth,1697,5,1907,1738,8.86208704771893,88,1825
2868,5,brush teeth,1735,1,1846,1462,20.801733477789817,192,1653
2869,5,brush teeth,1735,2,1996,1890,5.31062124248497,88,1977
2870,5,brush teeth,1735,3,2181,1994,8.574048601558918,148,2141
2871,5,brush teeth,1735,4,2027,1810,10.705476073014307,136,1945
2872,5,brush teeth,1735,5,1940,1776,8.45360824742268,62,1837
2873,5,brush teeth,1751,1,2845,1998,29.77152899824253,424,2421
2874,5,brush teeth,1751,2,2921,1964,32.762752482026706,582,2545
2875,5,brush teeth,1751,3,2960,2002,32.36486486486486,556,2557
2876,5,brush teeth,1751,4,2808,1778,36.680911680911684,582,2359
2877,5,brush teeth,1751,5,2823,1812,35.81296493092455,508,2319
2878,5,brush teeth,1777,1,1728,1582,8.449074074074074,62,1643
2879,5,brush teeth,1777,2,1728,1492,13.657407407407407,234,1725
2880,5,brush teeth,1777,3,1733,1558,10.098095787651472,52,1609
2881,5,brush teeth,1777,4,1727,1674,3.068905616676317,48,1721
2882,5,brush teeth,1777,5,1712,1202,29.789719626168225,96,1297
2883,5,brush teeth,1803,1,1805,1580,12.465373961218837,194,1773
2884,5,brush teeth,1803,2,1857,1572,15.347334410339258,210,1781
2885,5,brush teeth,1803,3,1977,1890,4.400606980273142,58,1947
2886,5,brush teeth,1803,4,1764,1646,6.6893424036281175,48,1693
2887,5,brush teeth,1803,5,1836,1698,7.516339869281046,112,1809
2888,5,brush teeth,1825,1,2560,2544,0.625,14,2557
2889,5,brush teeth,1825,2,2940,2444,16.87074829931973,406,2849
2890,5,brush teeth,1825,3,3046,2796,8.207485226526591,154,2949
2891,5,brush teeth,1825,4,2524,2410,4.516640253565769,12,2421
2892,5,brush teeth,1825,5,1999,1742,12.856428214107053,188,1929
2893,5,brush teeth,1975,1,1931,1796,6.991196271361988,98,1893
2894,5,brush teeth,1975,2,1956,1814,7.259713701431493,68,1881
2895,5,brush teeth,1975,3,1810,1710,5.524861878453039,24,1733
2896,5,brush teeth,1975,4,1870,1686,9.83957219251337,132,1817
2897,5,brush teeth,1975,5,2284,2072,9.281961471103328,168,2239
2898,5,brush teeth,1978,1,1816,1650,9.140969162995594,74,1723
2899,5,brush teeth,1978,2,1763,1690,4.140669313669881,62,1751
2900,5,brush teeth,1978,3,1882,1858,1.2752391073326248,0,1857
2901,5,brush teeth,1978,4,1872,1750,6.517094017094017,38,1787
2902,5,brush teeth,1978,5,2114,2076,1.7975402081362346,8,2083
2903,5,brush teeth,2045,1,2025,1732,14.469135802469136,112,1843
2904,5,brush teeth,2045,2,1789,1630,8.887646730016769,148,1777
2905,5,brush teeth,2045,3,1386,654,52.81385281385281,422,1075
2906,5,brush teeth,2045,4,1109,302,72.76825969341749,194,495
2907,5,brush teeth,2045,5,1220,1084,11.147540983606557,132,1215
2908,5,brush teeth,2056,1,1786,892,50.05599104143337,420,1311
2909,5,brush teeth,2056,2,2478,1318,46.811945117029865,464,1781
2910,5,brush teeth,2056,3,1995,1244,37.64411027568922,446,1689
2911,5,brush teeth,2056,4,2071,1234,40.41525832930951,432,1665
2912,5,brush teeth,2056,5,2100,1060,49.523809523809526,346,1405
2913,5,brush teeth,2097,1,3289,3180,3.3140772271207055,46,3225
2914,5,brush teeth,2097,2,1883,1846,1.9649495485926713,36,1881
2915,5,brush teeth,2097,3,2152,2064,4.089219330855019,58,2121
2916,5,brush teeth,2097,4,2035,1812,10.958230958230958,46,1857
2917,5,brush teeth,2097,5,2176,1818,16.452205882352942,72,1889
2918,5,brush teeth,2115,1,2335,1324,43.29764453961456,572,1895
2919,5,brush teeth,2115,2,2826,1602,43.31210191082803,654,2255
2920,5,brush teeth,2115,3,2794,1656,40.73013600572656,564,2219
2921,5,brush teeth,2115,4,2782,1672,39.899352983465135,592,2263
2922,5,brush teeth,2115,5,2881,1750,39.257202360291565,558,2307
2923,5,brush teeth,2116,1,1845,1402,24.010840108401084,386,1787
2924,5,brush teeth,2116,2,1858,1612,13.240043057050592,144,1755
2925,5,brush teeth,2116,3,1901,1630,14.255654918463966,140,1769
2926,5,brush teeth,2116,4,1896,1594,15.928270042194093,186,1779
2927,5,brush teeth,2116,5,1821,1560,14.332784184514002,176,1735
2928,5,brush teeth,2136,1,1962,1638,16.513761467889907,170,1807
2929,5,brush teeth,2136,2,1958,1738,11.235955056179776,62,1799
2930,5,brush teeth,2136,3,1855,1192,35.74123989218329,572,1763
2931,5,brush teeth,2136,4,2013,1822,9.488325881768505,88,1909
2932,5,brush teeth,2136,5,2492,2312,7.223113964686998,84,2395
2933,5,brush teeth,2155,1,1779,1762,0.955593029792018,16,1777
2934,5,brush teeth,2155,2,1887,1778,5.776364599894012,40,1817
2935,5,brush teeth,2155,3,1887,1454,22.94647588765236,320,1773
2936,5,brush teeth,2155,4,1925,1622,15.74025974025974,256,1877
2937,5,brush teeth,2155,5,1973,1570,20.425747592498734,36,1605
2938,5,brush teeth,2159,1,2238,2018,9.830205540661305,214,2231
2939,5,brush teeth,2159,2,2740,2328,15.036496350364963,396,2723
2940,5,brush teeth,2159,3,2239,1694,24.341223760607413,254,1947
2941,5,brush teeth,2159,4,2527,2210,12.544519192718639,272,2481
2942,5,brush teeth,2159,5,2894,2656,8.223911541119557,106,2761
2943,5,brush teeth,2160,1,2118,1784,15.769593956562796,138,1921
2944,5,brush teeth,2160,2,2230,2028,9.058295964125561,96,2123
2945,5,brush teeth,2160,3,2254,1908,15.350488021295474,204,2111
2946,5,brush teeth,2160,4,2136,1812,15.168539325842696,158,1969
2947,5,brush teeth,2160,5,2188,1848,15.539305301645339,174,2021
2948,6,brush hair,0,1,1276,860,32.60188087774295,184,1043
2949,6,brush hair,0,2,1883,1452,22.889006903876794,112,1563
2950,6,brush hair,0,3,2291,1820,20.558707987778263,284,2103
2951,6,brush hair,0,4,2299,1580,31.274467159634625,294,1873
2952,6,brush hair,0,5,2404,2044,14.97504159733777,164,2207
2953,6,brush hair,1125,1,1185,1074,9.367088607594937,46,1119
2954,6,brush hair,1125,2,1341,1194,10.961968680089486,70,1263
2955,6,brush hair,1125,3,1161,1098,5.426356589147287,12,1109
2956,6,brush hair,1125,4,1063,960,9.689557855127,32,991
2957,6,brush hair,1125,5,1117,1028,7.967770814682185,22,1049
2958,6,brush hair,1279,1,983,774,21.261444557477112,158,931
2959,6,brush hair,1279,2,955,836,12.460732984293193,104,939
2960,6,brush hair,1279,3,975,720,26.153846153846153,14,733
2961,6,brush hair,1279,4,967,792,18.097207859358843,106,897
2962,6,brush hair,1279,5,981,930,5.198776758409786,32,961
2963,6,brush hair,1313,1,1013,920,9.18065153010859,72,991
2964,6,brush hair,1313,2,966,738,23.60248447204969,112,849
2965,6,brush hair,1313,3,904,820,9.29203539823009,6,825
2966,6,brush hair,1313,4,1085,1036,4.516129032258065,30,1065
2967,6,brush hair,1313,5,1111,1078,2.9702970297029703,10,1087
2968,6,brush hair,1324,1,1396,1186,15.04297994269341,90,1275
2969,6,brush hair,1324,2,1244,1120,9.967845659163988,22,1141
2970,6,brush hair,1324,3,1096,980,10.583941605839415,34,1013
2971,6,brush hair,1324,4,1394,1274,8.60832137733142,42,1315
2972,6,brush hair,1324,5,1357,1238,8.769344141488578,88,1325
2973,6,brush hair,1358,1,980,850,13.26530612244898,70,919
2974,6,brush hair,1358,2,1004,886,11.752988047808765,66,951
2975,6,brush hair,1358,3,937,842,10.138740661686233,30,871
2976,6,brush hair,1358,4,964,932,3.319502074688797,12,943
2977,6,brush hair,1358,5,988,932,5.668016194331984,28,959
2978,6,brush hair,1390,1,2580,2330,9.689922480620154,132,2461
2979,6,brush hair,1390,2,1229,1042,15.215622457282343,114,1155
2980,6,brush hair,1390,3,1442,1124,22.05270457697642,170,1293
2981,6,brush hair,1390,4,1997,1710,14.371557336004006,162,1871
2982,6,brush hair,1390,5,1810,1478,18.34254143646409,136,1613
2983,6,brush hair,1396,1,428,390,8.878504672897197,20,409
2984,6,brush hair,1396,2,986,630,36.105476673427994,110,739
2985,6,brush hair,1396,3,642,574,10.59190031152648,64,637
2986,6,brush hair,1396,4,425,274,35.529411764705884,136,409
2987,6,brush hair,1396,5,476,154,67.6470588235294,36,189
2988,6,brush hair,1405,1,1688,968,42.654028436018955,390,1357
2989,6,brush hair,1405,2,1977,1166,41.02175012645422,506,1671
2990,6,brush hair,1405,3,2529,1778,29.695531830763148,282,2059
2991,6,brush hair,1405,4,2004,1294,35.42914171656687,350,1643
2992,6,brush hair,1405,5,2430,1638,32.592592592592595,456,2093
2993,6,brush hair,1435,1,1282,992,22.620904836193446,208,1199
2994,6,brush hair,1435,2,981,790,19.46992864424057,150,939
2995,6,brush hair,1435,3,963,738,23.364485981308412,224,961
2996,6,brush hair,1435,4,950,748,21.263157894736842,202,949
2997,6,brush hair,1435,5,968,884,8.677685950413224,84,967
2998,6,brush hair,1453,1,1282,992,22.620904836193446,208,1199
2999,6,brush hair,1453,2,981,790,19.46992864424057,150,939
3000,6,brush hair,1453,3,963,738,23.364485981308412,224,961
3001,6,brush hair,1453,4,950,748,21.263157894736842,202,949
3002,6,brush hair,1453,5,968,884,8.677685950413224,84,967
3003,6,brush hair,1505,1,1633,1550,5.082669932639314,78,1627
3004,6,brush hair,1505,2,1144,940,17.832167832167833,38,977
3005,6,brush hair,1505,3,1053,972,7.6923076923076925,80,1051
3006,6,brush hair,1505,4,934,786,15.845824411134904,142,927
3007,6,brush hair,1505,5,1682,1662,1.1890606420927468,0,1661
3008,6,brush hair,1570,1,1395,1210,13.261648745519713,134,1343
3009,6,brush hair,1570,2,983,864,12.105798575788404,54,917
3010,6,brush hair,1570,3,1552,1494,3.7371134020618557,32,1525
3011,6,brush hair,1570,4,1341,1306,2.609992542878449,18,1323
3012,6,brush hair,1570,5,1276,1214,4.858934169278997,22,1235
3013,6,brush hair,1697,1,1348,1186,12.01780415430267,92,1277
3014,6,brush hair,1697,2,1299,1256,3.310238645111624,12,1267
3015,6,brush hair,1697,3,1015,910,10.344827586206897,44,953
3016,6,brush hair,1697,4,1150,886,22.956521739130434,196,1081
3017,6,brush hair,1697,5,1027,812,20.934761441090554,70,881
3018,6,brush hair,1735,1,1872,1736,7.264957264957265,78,1813
3019,6,brush hair,1735,2,1377,962,30.137981118373276,414,1375
3020,6,brush hair,1735,3,1803,1568,13.033832501386579,30,1597
3021,6,brush hair,1735,4,993,882,11.178247734138973,70,951
3022,6,brush hair,1735,5,1126,840,25.399644760213143,2,841
3023,6,brush hair,1751,1,1984,1196,39.71774193548387,456,1651
3024,6,brush hair,1751,2,1968,1140,42.073170731707314,464,1603
3025,6,brush hair,1751,3,2047,1192,41.768441621885685,536,1727
3026,6,brush hair,1751,4,1601,1108,30.793254216114928,470,1577
3027,6,brush hair,1751,5,2418,1658,31.43093465674111,414,2071
3028,6,brush hair,1777,1,964,866,10.16597510373444,60,925
3029,6,brush hair,1777,2,1143,918,19.68503937007874,176,1093
3030,6,brush hair,1777,3,1017,898,11.701081612586037,106,1003
3031,6,brush hair,1777,4,955,872,8.69109947643979,0,871
3032,6,brush hair,1777,5,1026,926,9.746588693957115,76,1001
3033,6,brush hair,1803,1,1406,1246,11.379800853485063,122,1367
3034,6,brush hair,1803,2,884,610,30.995475113122172,172,781
3035,6,brush hair,1803,3,903,864,4.318936877076412,36,899
3036,6,brush hair,1803,4,887,814,8.22998872604284,30,843
3037,6,brush hair,1803,5,885,620,29.943502824858758,94,713
3038,6,brush hair,1825,1,1975,1746,11.594936708860759,66,1811
3039,6,brush hair,1825,2,2150,1850,13.953488372093023,102,1951
3040,6,brush hair,1825,3,1538,1426,7.282184655396619,46,1471
3041,6,brush hair,1825,4,1741,1574,9.592188397472716,88,1661
3042,6,brush hair,1825,5,1564,1404,10.230179028132993,58,1461
3043,6,brush hair,1975,1,1072,886,17.350746268656717,150,1035
3044,6,brush hair,1975,2,1383,1058,23.499638467100507,64,1121
3045,6,brush hair,1975,3,1026,972,5.2631578947368425,6,977
3046,6,brush hair,1975,4,1186,1166,1.6863406408094435,16,1181
3047,6,brush hair,1975,5,964,852,11.618257261410788,24,875
3048,6,brush hair,1978,1,1028,914,11.089494163424124,104,1017
3049,6,brush hair,1978,2,860,606,29.53488372093023,238,843
3050,6,brush hair,1978,3,1048,954,8.969465648854962,94,1047
3051,6,brush hair,1978,4,874,704,19.450800915331808,76,779
3052,6,brush hair,1978,5,1292,1202,6.96594427244582,64,1265
3053,6,brush hair,2045,1,758,598,21.108179419525065,92,689
3054,6,brush hair,2045,2,647,396,38.794435857805254,124,519
3055,6,brush hair,2045,3,553,444,19.710669077757686,32,475
3056,6,brush hair,2045,4,935,636,31.97860962566845,184,819
3057,6,brush hair,2045,5,1062,688,35.2165725047081,218,905
3058,6,brush hair,2056,1,1436,710,50.55710306406685,420,1129
3059,6,brush hair,2056,2,1461,756,48.25462012320329,386,1141
3060,6,brush hair,2056,3,1420,776,45.352112676056336,304,1079
3061,6,brush hair,2056,4,1428,686,51.96078431372549,370,1055
3062,6,brush hair,2056,5,1416,774,45.33898305084746,326,1099
3063,6,brush hair,2097,1,1061,866,18.378887841658813,106,971
3064,6,brush hair,2097,2,1036,988,4.633204633204633,10,997
3065,6,brush hair,2097,3,1294,1186,8.346213292117465,108,1293
3066,6,brush hair,2097,4,1347,998,25.909428359317,180,1177
3067,6,brush hair,2097,5,1144,948,17.132867132867133,186,1133
3068,6,brush hair,2115,1,1835,910,50.40871934604905,498,1407
3069,6,brush hair,2115,2,1871,966,48.36985569214324,516,1481
3070,6,brush hair,2115,3,1784,1026,42.488789237668165,476,1501
3071,6,brush hair,2115,4,1844,922,50.0,500,1421
3072,6,brush hair,2115,5,1725,912,47.130434782608695,456,1367
3073,6,brush hair,2116,1,920,814,11.521739130434783,84,897
3074,6,brush hair,2116,2,932,856,8.15450643776824,30,885
3075,6,brush hair,2116,3,988,710,28.13765182186235,162,871
3076,6,brush hair,2116,4,948,874,7.805907172995781,62,935
3077,6,brush hair,2116,5,995,786,21.00502512562814,20,805
3078,6,brush hair,2136,1,1052,962,8.55513307984791,74,1035
3079,6,brush hair,2136,2,1536,1178,23.307291666666668,176,1353
3080,6,brush hair,2136,3,1084,862,20.47970479704797,212,1073
3081,6,brush hair,2136,4,1106,926,16.2748643761302,60,985
3082,6,brush hair,2136,5,1106,822,25.678119349005424,130,951
3083,6,brush hair,2155,1,939,742,20.979765708200212,118,859
3084,6,brush hair,2155,2,960,842,12.291666666666666,44,885
3085,6,brush hair,2155,3,979,924,5.617977528089888,24,947
3086,6,brush hair,2155,4,903,752,16.72203765227021,150,901
3087,6,brush hair,2155,5,969,920,5.056759545923633,10,929
3088,6,brush hair,2159,1,1518,1172,22.793148880105402,164,1335
3089,6,brush hair,2159,2,1332,1120,15.915915915915916,116,1235
3090,6,brush hair,2159,3,1542,1310,15.045395590142672,206,1515
3091,6,brush hair,2159,4,1233,1020,17.27493917274939,182,1201
3092,6,brush hair,2159,5,1770,1604,9.378531073446327,52,1655
3093,6,brush hair,2160,1,1202,976,18.80199667221298,202,1177
3094,6,brush hair,2160,2,1037,742,28.44744455159113,78,819
3095,6,brush hair,2160,3,1101,796,27.702089009990917,296,1091
3096,6,brush hair,2160,4,1090,858,21.28440366972477,188,1045
3097,6,brush hair,2160,5,1022,858,16.046966731898237,152,1009
3098,7,take off jacket,0,1,1586,1066,32.78688524590164,324,1389
3099,7,take off jacket,0,2,1220,726,40.49180327868852,260,985
3100,7,take off jacket,0,3,1211,868,28.32369942196532,22,889
3101,7,take off jacket,0,4,1244,926,25.562700964630224,88,1013
3102,7,take off jacket,0,5,1178,892,24.27843803056027,174,1065
3103,7,take off jacket,1125,1,736,568,22.82608695652174,12,579
3104,7,take off jacket,1125,2,515,316,38.640776699029125,130,445
3105,7,take off jacket,1125,3,429,202,52.913752913752916,118,319
3106,7,take off jacket,1279,1,347,160,53.89048991354467,140,299
3107,7,take off jacket,1279,2,394,264,32.994923857868024,80,343
3108,7,take off jacket,1279,3,411,214,47.93187347931873,168,381
3109,7,take off jacket,1313,1,561,296,47.23707664884135,154,449
3110,7,take off jacket,1313,2,523,298,43.021032504780116,64,361
3111,7,take off jacket,1313,3,564,290,48.58156028368794,154,443
3112,7,take off jacket,1324,1,552,226,59.05797101449275,154,379
3113,7,take off jacket,1324,2,537,222,58.659217877094974,130,351
3114,7,take off jacket,1324,3,492,130,73.57723577235772,160,289
3115,7,take off jacket,1358,1,496,320,35.483870967741936,54,373
3116,7,take off jacket,1358,2,588,382,35.034013605442176,104,485
3117,7,take off jacket,1358,3,557,256,54.039497307001795,156,411
3118,7,take off jacket,1390,1,1860,1260,32.25806451612903,280,1539
3119,7,take off jacket,1390,2,2598,1874,27.867590454195536,598,2471
3120,7,take off jacket,1390,3,2077,1662,19.980741454020222,266,1927
3121,7,take off jacket,1396,1,494,254,48.582995951417004,124,377
3122,7,take off jacket,1396,2,366,366,0.0,0,365
3123,7,take off jacket,1396,3,504,346,31.349206349206348,150,495
3124,7,take off jacket,1405,1,1188,644,45.79124579124579,368,1011
3125,7,take off jacket,1405,2,1123,586,47.81834372217275,378,963
3126,7,take off jacket,1405,3,1268,646,49.05362776025237,366,1011
3127,7,take off jacket,1435,1,344,118,65.69767441860465,124,241
3128,7,take off jacket,1435,2,187,156,16.577540106951872,16,171
3129,7,take off jacket,1435,3,260,150,42.30769230769231,104,253
3130,7,take off jacket,1453,1,344,118,65.69767441860465,124,241
3131,7,take off jacket,1453,2,187,156,16.577540106951872,16,171
3132,7,take off jacket,1453,3,260,150,42.30769230769231,104,253
3133,7,take off jacket,1570,1,498,246,50.602409638554214,142,387
3134,7,take off jacket,1570,2,529,350,33.83742911153119,62,411
3135,7,take off jacket,1570,3,702,522,25.641025641025642,148,669
3136,7,take off jacket,1697,1,653,422,35.37519142419602,108,529
3137,7,take off jacket,1697,2,562,340,39.50177935943061,46,385
3138,7,take off jacket,1697,3,546,310,43.223443223443226,24,333
3139,7,take off jacket,1735,1,350,152,56.57142857142857,46,197
3140,7,take off jacket,1735,2,347,198,42.93948126801153,106,303
3141,7,take off jacket,1735,3,364,188,48.35164835164835,86,273
3142,7,take off jacket,1751,1,1579,1188,24.762507916402786,82,1269
3143,7,take off jacket,1751,2,1684,912,45.843230403800476,534,1445
3144,7,take off jacket,1751,3,1904,1092,42.64705882352941,514,1605
3145,7,take off jacket,1777,1,400,148,63.0,136,283
3146,7,take off jacket,1777,2,521,334,35.892514395393476,128,461
3147,7,take off jacket,1777,3,472,240,49.152542372881356,124,363
3148,7,take off jacket,1803,1,303,182,39.93399339933993,12,193
3149,7,take off jacket,1803,2,344,238,30.813953488372093,44,281
3150,7,take off jacket,1803,3,287,178,37.97909407665505,88,265
3151,7,take off jacket,1803,4,228,108,52.63157894736842,44,151
3152,7,take off jacket,1803,5,347,262,24.495677233429394,42,303
3153,7,take off jacket,1825,1,1222,970,20.621931260229132,156,1125
3154,7,take off jacket,1825,2,1381,1130,18.17523533671253,134,1263
3155,7,take off jacket,1825,3,1768,1500,15.158371040723981,202,1701
3156,7,take off jacket,1975,1,497,342,31.187122736418512,62,403
3157,7,take off jacket,1975,2,443,306,30.9255079006772,98,403
3158,7,take off jacket,1975,3,357,190,46.778711484593835,94,283
3159,7,take off jacket,1975,4,375,134,64.26666666666667,16,149
3160,7,take off jacket,1975,5,400,234,41.5,74,307
3161,7,take off jacket,1978,1,509,266,47.74066797642436,98,363
3162,7,take off jacket,1978,2,527,378,28.27324478178368,94,471
3163,7,take off jacket,1978,3,596,408,31.543624161073826,54,461
3164,7,take off jacket,2045,1,495,294,40.60606060606061,52,345
3165,7,take off jacket,2045,2,591,414,29.949238578680202,140,553
3166,7,take off jacket,2045,3,564,352,37.5886524822695,142,493
3167,7,take off jacket,2056,1,1001,662,33.866133866133865,0,661
3168,7,take off jacket,2056,2,972,378,61.111111111111114,324,701
3169,7,take off jacket,2056,3,1093,354,67.61207685269899,368,721
3170,7,take off jacket,2097,1,782,576,26.342710997442456,116,691
3171,7,take off jacket,2097,2,540,310,42.592592592592595,82,391
3172,7,take off jacket,2097,3,528,394,25.37878787878788,44,437
3173,7,take off jacket,2115,1,1975,1022,48.25316455696203,514,1535
3174,7,take off jacket,2115,2,1742,1134,34.902411021814004,348,1481
3175,7,take off jacket,2115,3,1641,804,51.005484460694696,482,1285
3176,7,take off jacket,2116,1,831,574,30.926594464500603,252,825
3177,7,take off jacket,2116,2,846,798,5.673758865248227,48,845
3178,7,take off jacket,2116,3,625,518,17.12,88,605
3179,7,take off jacket,2136,1,516,266,48.44961240310077,20,285
3180,7,take off jacket,2136,2,439,288,34.39635535307517,54,341
3181,7,take off jacket,2136,3,441,218,50.56689342403628,34,251
3182,7,take off jacket,2155,1,834,788,5.5155875299760195,46,833
3183,7,take off jacket,2155,2,673,636,5.49777117384844,32,667
3184,7,take off jacket,2155,3,663,576,13.122171945701357,50,625
3185,7,take off jacket,2159,1,1063,746,29.82126058325494,130,875
3186,7,take off jacket,2159,2,1156,886,23.356401384083046,96,981
3187,7,take off jacket,2159,3,1223,868,29.02698282910875,122,989
3188,7,take off jacket,2160,1,1126,1012,10.124333925399645,82,1093
3189,7,take off jacket,2160,2,1000,808,19.2,132,939
3190,7,take off jacket,2160,3,870,676,22.298850574712645,72,747
3191,8,put on jacket,0,1,1423,1030,27.617709065354884,118,1147
3192,8,put on jacket,0,2,1613,1330,17.54494730316181,118,1447
3193,8,put on jacket,0,3,1251,718,42.60591526778577,216,933
3194,8,put on jacket,0,4,1393,1176,15.577889447236181,88,1263
3195,8,put on jacket,0,5,1444,1102,23.68421052631579,104,1205
3196,8,put on jacket,1125,1,696,548,21.264367816091955,80,627
3197,8,put on jacket,1125,2,591,494,16.41285956006768,40,533
3198,8,put on jacket,1125,3,667,604,9.44527736131934,12,615
3199,8,put on jacket,1279,1,570,512,10.175438596491228,28,539
3200,8,put on jacket,1279,2,627,404,35.56618819776715,150,553
3201,8,put on jacket,1279,3,519,310,40.26974951830443,56,365
3202,8,put on jacket,1313,1,633,294,53.55450236966825,34,327
3203,8,put on jacket,1313,2,596,268,55.033557046979865,84,351
3204,8,put on jacket,1313,3,472,266,43.644067796610166,68,333
3205,8,put on jacket,1324,1,725,378,47.86206896551724,196,573
3206,8,put on jacket,1324,2,631,254,59.746434231378764,180,433
3207,8,put on jacket,1324,3,793,538,32.156368221941996,134,671
3208,8,put on jacket,1358,1,575,388,32.52173913043478,114,501
3209,8,put on jacket,1358,2,450,264,41.333333333333336,126,389
3210,8,put on jacket,1358,3,474,430,9.282700421940929,44,473
3211,8,put on jacket,1390,1,1490,1072,28.053691275167786,184,1255
3212,8,put on jacket,1390,2,1327,1134,14.544084400904296,138,1271
3213,8,put on jacket,1390,3,1409,1082,23.20794889992903,118,1199
3214,8,put on jacket,1396,1,363,236,34.98622589531681,100,335
3215,8,put on jacket,1396,2,436,348,20.18348623853211,38,385
3216,8,put on jacket,1396,3,354,276,22.033898305084747,40,315
3217,8,put on jacket,1405,1,1228,538,56.188925081433226,386,923
3218,8,put on jacket,1405,2,1484,642,56.73854447439353,476,1117
3219,8,put on jacket,1405,3,1436,618,56.96378830083565,466,1083
3220,8,put on jacket,1435,1,559,286,48.83720930232558,246,531
3221,8,put on jacket,1435,2,323,323,0.0,0,322
3222,8,put on jacket,1435,3,351,351,0.0,0,350
3223,8,put on jacket,1453,1,559,286,48.83720930232558,246,531
3224,8,put on jacket,1453,2,323,323,0.0,0,322
3225,8,put on jacket,1453,3,351,351,0.0,0,350
3226,8,put on jacket,1570,1,844,596,29.38388625592417,122,717
3227,8,put on jacket,1570,2,900,694,22.88888888888889,114,807
3228,8,put on jacket,1570,3,881,772,12.372304199772985,54,825
3229,8,put on jacket,1697,1,811,510,37.11467324290999,208,717
3230,8,put on jacket,1697,2,918,754,17.864923747276688,76,829
3231,8,put on jacket,1697,3,937,782,16.542155816435432,94,875
3232,8,put on jacket,1735,1,267,267,0.0,0,266
3233,8,put on jacket,1735,2,264,264,0.0,0,263
3234,8,put on jacket,1735,3,304,230,24.342105263157894,52,281
3235,8,put on jacket,1751,1,1932,1614,16.459627329192546,72,1685
3236,8,put on jacket,1751,2,2234,1270,43.15129811996419,436,1705
3237,8,put on jacket,1751,3,1977,738,62.67071320182094,524,1261
3238,8,put on jacket,1777,1,632,422,33.22784810126582,194,615
3239,8,put on jacket,1777,2,812,562,30.788177339901477,142,703
3240,8,put on jacket,1777,3,898,308,65.70155902004454,518,825
3241,8,put on jacket,1803,1,355,272,23.380281690140844,32,303
3242,8,put on jacket,1803,2,316,108,65.82278481012658,84,191
3243,8,put on jacket,1803,3,344,194,43.604651162790695,40,233
3244,8,put on jacket,1825,1,1168,910,22.089041095890412,150,1059
3245,8,put on jacket,1825,2,1398,1144,18.16881258941345,160,1303
3246,8,put on jacket,1825,3,1628,1382,15.11056511056511,142,1523
3247,8,put on jacket,1975,1,457,316,30.85339168490153,122,437
3248,8,put on jacket,1975,2,502,250,50.199203187250994,228,477
3249,8,put on jacket,1975,3,505,234,53.663366336633665,262,495
3250,8,put on jacket,1975,4,730,490,32.87671232876713,204,693
3251,8,put on jacket,1975,5,465,252,45.806451612903224,176,427
3252,8,put on jacket,1978,1,509,216,57.56385068762279,232,447
3253,8,put on jacket,1978,2,378,316,16.402116402116402,32,347
3254,8,put on jacket,1978,3,402,274,31.8407960199005,84,357
3255,8,put on jacket,2045,1,577,512,11.265164644714039,64,575
3256,8,put on jacket,2045,2,794,566,28.71536523929471,198,763
3257,8,put on jacket,2045,3,711,374,47.39803094233474,84,457
3258,8,put on jacket,2056,1,1083,350,67.68236380424746,320,669
3259,8,put on jacket,2056,2,1006,338,66.40159045725646,360,697
3260,8,put on jacket,2056,3,1013,646,36.22902270483712,18,663
3261,8,put on jacket,2097,1,447,254,43.17673378076063,20,273
3262,8,put on jacket,2097,2,510,238,53.333333333333336,68,305
3263,8,put on jacket,2097,3,504,298,40.87301587301587,132,429
3264,8,put on jacket,2115,1,1449,778,46.30779848171152,596,1373
3265,8,put on jacket,2115,2,1702,846,50.29377203290247,596,1441
3266,8,put on jacket,2115,3,1884,936,50.318471337579616,640,1575
3267,8,put on jacket,2116,1,477,274,42.55765199161426,70,343
3268,8,put on jacket,2116,2,498,334,32.93172690763052,88,421
3269,8,put on jacket,2116,3,576,522,9.375,44,565
3270,8,put on jacket,2136,1,627,422,32.69537480063796,20,441
3271,8,put on jacket,2136,2,791,538,31.984829329962075,116,653
3272,8,put on jacket,2136,3,647,414,36.01236476043277,38,451
3273,8,put on jacket,2155,1,678,632,6.784660766961652,46,677
3274,8,put on jacket,2155,2,780,664,14.871794871794872,16,679
3275,8,put on jacket,2155,3,775,742,4.258064516129032,12,753
3276,8,put on jacket,2159,1,2231,1782,20.12550425818019,260,2041
3277,8,put on jacket,2159,2,2214,1938,12.466124661246612,108,2045
3278,8,put on jacket,2159,3,2375,1946,18.063157894736843,178,2123
3279,8,put on jacket,2160,1,2053,1968,4.140282513395031,62,2029
3280,8,put on jacket,2160,2,1904,1526,19.852941176470587,166,1691
3281,8,put on jacket,2160,3,3472,3358,3.283410138248848,10,3367
3282,9,put on shoe,0,1,1017,768,24.48377581120944,50,817
3283,9,put on shoe,0,2,1016,882,13.188976377952756,24,905
3284,9,put on shoe,0,3,1018,476,53.24165029469548,310,785
3285,9,put on shoe,0,4,961,522,45.681581685744014,68,589
3286,9,put on shoe,0,5,1223,738,39.65658217497956,280,1017
3287,9,put on shoe,1125,1,497,294,40.84507042253521,142,435
3288,9,put on shoe,1125,2,699,414,40.772532188841204,184,597
3289,9,put on shoe,1125,3,575,342,40.52173913043478,152,493
3290,9,put on shoe,1279,1,703,584,16.927453769559033,46,629
3291,9,put on shoe,1279,2,591,522,11.6751269035533,20,541
3292,9,put on shoe,1279,3,711,576,18.9873417721519,52,627
3293,9,put on shoe,1313,1,751,500,33.422103861517975,42,541
3294,9,put on shoe,1313,2,1155,506,56.19047619047619,98,603
3295,9,put on shoe,1313,3,646,398,38.39009287925697,68,465
3296,9,put on shoe,1324,1,1138,816,28.29525483304042,242,1057
3297,9,put on shoe,1324,2,991,742,25.126135216952573,112,853
3298,9,put on shoe,1324,3,1064,760,28.571428571428573,190,949
3299,9,put on shoe,1358,1,649,372,42.68104776579353,208,579
3300,9,put on shoe,1358,2,689,602,12.62699564586357,68,669
3301,9,put on shoe,1358,3,539,342,36.54916512059369,138,479
3302,9,put on shoe,1390,1,812,266,67.24137931034483,218,483
3303,9,put on shoe,1390,2,700,378,46.0,132,509
3304,9,put on shoe,1390,3,769,298,61.248374512353706,168,465
3305,9,put on shoe,1396,1,342,164,52.046783625730995,0,163
3306,9,put on shoe,1396,2,177,177,0.0,0,176
3307,9,put on shoe,1396,3,235,212,9.787234042553191,16,227
3308,9,put on shoe,1405,1,1746,990,43.29896907216495,352,1341
3309,9,put on shoe,1405,2,1792,970,45.870535714285715,364,1333
3310,9,put on shoe,1405,3,1688,1042,38.27014218009479,402,1443
3311,9,put on shoe,1435,1,1043,932,10.642377756471717,98,1029
3312,9,put on shoe,1435,2,681,544,20.11747430249633,88,631
3313,9,put on shoe,1435,3,755,594,21.32450331125828,58,651
3314,9,put on shoe,1453,1,1043,932,10.642377756471717,98,1029
3315,9,put on shoe,1453,2,681,544,20.11747430249633,88,631
3316,9,put on shoe,1453,3,755,594,21.32450331125828,58,651
3317,9,put on shoe,1505,1,704,634,9.943181818181818,24,657
3318,9,put on shoe,1505,2,544,220,59.55882352941177,210,429
3319,9,put on shoe,1505,3,568,500,11.971830985915492,20,519
3320,9,put on shoe,1570,1,880,740,15.909090909090908,46,785
3321,9,put on shoe,1570,2,803,570,29.016189290161893,60,629
3322,9,put on shoe,1570,3,671,338,49.6274217585693,44,381
3323,9,put on shoe,1697,1,856,534,37.61682242990654,96,629
3324,9,put on shoe,1697,2,964,366,62.03319502074689,94,459
3325,9,put on shoe,1697,3,777,374,51.86615186615187,160,533
3326,9,put on shoe,1735,1,534,178,66.66666666666667,248,425
3327,9,put on shoe,1735,2,544,174,68.01470588235294,280,453
3328,9,put on shoe,1735,3,573,204,64.3979057591623,352,555
3329,9,put on shoe,1751,1,3058,1880,38.52190974493133,794,2673
3330,9,put on shoe,1751,2,1960,968,50.61224489795919,478,1445
3331,9,put on shoe,1751,3,2270,1732,23.70044052863436,524,2255
3332,9,put on shoe,1777,1,768,456,40.625,202,657
3333,9,put on shoe,1777,2,841,474,43.63852556480381,238,711
3334,9,put on shoe,1777,3,974,584,40.04106776180698,282,865
3335,9,put on shoe,1803,1,495,262,47.07070707070707,140,401
3336,9,put on shoe,1803,2,704,486,30.96590909090909,168,653
3337,9,put on shoe,1803,3,476,350,26.470588235294116,104,453
3338,9,put on shoe,1825,1,1214,906,25.370675453047777,216,1121
3339,9,put on shoe,1825,2,1690,1354,19.881656804733726,286,1639
3340,9,put on shoe,1825,3,1631,1372,15.879828326180258,136,1507
3341,9,put on shoe,1975,1,944,738,21.822033898305083,168,905
3342,9,put on shoe,1975,2,893,630,29.451287793952968,214,843
3343,9,put on shoe,1975,3,844,532,36.96682464454976,22,553
3344,9,put on shoe,1978,1,370,208,43.78378378378378,22,229
3345,9,put on shoe,1978,2,356,214,39.8876404494382,32,245
3346,9,put on shoe,1978,3,438,226,48.401826484018265,82,307
3347,9,put on shoe,2045,1,407,254,37.59213759213759,140,393
3348,9,put on shoe,2045,2,417,226,45.803357314148684,84,309
3349,9,put on shoe,2045,3,441,214,51.47392290249433,146,359
3350,9,put on shoe,2045,4,538,288,46.468401486988846,166,453
3351,9,put on shoe,2045,5,554,308,44.4043321299639,228,535
3352,9,put on shoe,2056,1,1055,468,55.639810426540286,290,757
3353,9,put on shoe,2056,2,1037,456,56.02700096432015,302,757
3354,9,put on shoe,2056,3,1078,434,59.74025974025974,346,779
3355,9,put on shoe,2097,1,603,542,10.11608623548922,0,541
3356,9,put on shoe,2097,2,597,488,18.257956448911223,66,553
3357,9,put on shoe,2097,3,614,282,54.071661237785015,110,391
3358,9,put on shoe,2115,1,1467,650,55.69188820722563,504,1153
3359,9,put on shoe,2115,2,1650,742,55.03030303030303,470,1211
3360,9,put on shoe,2115,3,1896,934,50.73839662447257,622,1555
3361,9,put on shoe,2116,1,944,742,21.39830508474576,110,851
3362,9,put on shoe,2116,2,946,766,19.027484143763214,152,917
3363,9,put on shoe,2116,3,996,812,18.473895582329316,80,891
3364,9,put on shoe,2136,1,567,440,22.39858906525573,24,463
3365,9,put on shoe,2136,2,656,280,57.31707317073171,206,485
3366,9,put on shoe,2136,3,611,510,16.53027823240589,92,601
3367,9,put on shoe,2155,1,1070,714,33.271028037383175,306,1019
3368,9,put on shoe,2155,2,832,692,16.826923076923077,96,787
3369,9,put on shoe,2155,3,806,706,12.40694789081886,48,753
3370,9,put on shoe,2159,1,1154,654,43.327556325823224,230,883
3371,9,put on shoe,2159,2,1269,936,26.24113475177305,162,1097
3372,9,put on shoe,2159,3,1234,806,34.6839546191248,248,1053
3373,9,put on shoe,2160,1,1453,1278,12.044046799724708,66,1343
3374,9,put on shoe,2160,2,1300,1094,15.846153846153847,158,1251
3375,9,put on shoe,2160,3,2079,1990,4.280904280904281,0,1989
3427,10,take off shoe,2275,0,2529,2308,8.738631870304468,98,2405
3428,10,take off shoe,2275,1,1735,1146,33.94812680115274,192,1337
3429,10,take off shoe,2275,2,1629,1020,37.38489871086556,286,1305
3430,10,take off shoe,2275,3,1779,1406,20.966835300730747,146,1551
3431,10,take off shoe,2275,4,1457,948,34.93479752916953,252,1199
3432,10,take off shoe,2350,1,2860,2122,25.804195804195803,64,2185
3433,10,take off shoe,2350,2,2719,2350,13.571165869805075,134,2483
3434,10,take off shoe,2350,3,2529,2394,5.338078291814947,78,2471
3435,10,take off shoe,2350,4,2618,2318,11.45912910618793,294,2611
3436,10,take off shoe,2350,5,2579,2240,13.144629701434665,138,2377
3437,10,take off shoe,2397,1,2986,2096,29.805760214333556,832,2927
3438,10,take off shoe,2397,2,3018,2544,15.705765407554672,350,2893
3439,10,take off shoe,2397,3,3018,2920,3.2471835652750167,78,2997
3440,10,take off shoe,2397,4,3010,2930,2.6578073089700998,68,2997
3441,10,take off shoe,2397,5,3002,2924,2.598267821452365,74,2997
3442,10,take off shoe,2495,1,2970,2618,11.851851851851851,82,2699
3443,10,take off shoe,2495,2,2852,2578,9.607293127629733,160,2737
3444,10,take off shoe,2495,3,2656,2522,5.045180722891566,12,2533
3445,10,take off shoe,2495,4,2617,2438,6.839893007260222,62,2499
3446,10,take off shoe,2495,5,3056,2910,4.777486910994765,0,2909
3452,10,take off shoe,2660,1,2621,2024,22.77756581457459,102,2125
3453,10,take off shoe,2660,2,2699,2254,16.48758799555391,152,2405
3454,10,take off shoe,2660,3,2805,1332,52.51336898395722,2,1333
3455,10,take off shoe,2660,4,2746,2038,25.78295702840495,54,2091
3456,10,take off shoe,2660,5,2964,1720,41.97031039136302,64,1783
3457,10,take off shoe,2669,1,2787,1158,58.44994617868676,12,1169
3458,10,take off shoe,2669,2,2637,1784,32.34736442927569,348,2131
3459,10,take off shoe,2669,3,2567,1684,34.39813011297234,434,2117
3460,10,take off shoe,2669,4,2690,1826,32.11895910780669,254,2079
3461,10,take off shoe,2669,5,2652,1618,38.9894419306184,392,2009
3462,10,take off shoe,272060,1,3047,1898,37.70922218575648,88,1985
3463,10,take off shoe,272060,2,2968,2524,14.959568733153638,116,2639
3464,10,take off shoe,272060,3,2986,1638,45.144005358338916,346,1983
3465,10,take off shoe,272060,4,3024,2548,15.74074074074074,412,2959
3466,10,take off shoe,272060,5,2837,2052,27.67007402185407,128,2179
3467,10,take off shoe,2723,1,1091,784,28.139321723189735,92,875
3468,10,take off shoe,2723,2,1076,590,45.16728624535316,130,719
3469,10,take off shoe,2723,3,813,368,54.73554735547356,98,465
3470,10,take off shoe,2723,4,864,478,44.675925925925924,188,665
3471,10,take off shoe,2723,5,968,698,27.892561983471076,102,799
3472,10,take off shoe,2729,1,3180,1958,38.42767295597484,8,1965
3473,10,take off shoe,2729,2,3120,3116,0.1282051282051282,4,3119
3474,10,take off shoe,2729,3,3007,2870,4.556035916195544,14,2883
3475,10,take off shoe,2729,4,3121,3120,0.03204101249599487,0,3119
3476,10,take off shoe,2729,5,3086,2708,12.248865845755022,8,2715
3477,10,take off shoe,2747,1,2421,1794,25.89838909541512,462,2255
3478,10,take off shoe,2747,2,2504,1384,44.72843450479233,1076,2459
3479,10,take off shoe,2747,3,2471,2266,8.296236341562121,80,2345
3480,10,take off shoe,2747,4,2476,2244,9.369951534733442,72,2315
3481,10,take off shoe,2747,5,2508,1966,21.61084529505582,416,2381
3482,10,take off shoe,3030,1,2819,2432,13.72827243703441,182,2613
3483,10,take off shoe,3030,2,3329,2414,27.485731450886153,494,2907
3484,10,take off shoe,3030,3,4055,3844,5.203452527743527,16,3859
3485,10,take off shoe,3030,4,3175,2648,16.598425196850393,90,2737
3486,10,take off shoe,3030,5,2974,2658,10.62542030934768,40,2697
3487,10,take off shoe,3245,1,2854,1786,37.42116327960757,166,1951
3488,10,take off shoe,3245,2,2894,1724,40.428472702142365,342,2065
3489,10,take off shoe,3245,3,2762,1680,39.174511223750905,250,1929
3490,10,take off shoe,3245,4,2871,1530,46.708463949843264,370,1899
3491,10,take off shoe,3245,5,2748,1640,40.32023289665211,280,1919
3492,11,put on glasses,2275,0,1946,1856,4.6248715313463515,6,1861
3493,11,put on glasses,2275,1,1356,1304,3.8348082595870205,30,1333
3494,11,put on glasses,2275,2,1914,1786,6.687565308254963,24,1809
3495,11,put on glasses,2275,3,1671,1548,7.360861759425494,42,1589
3496,11,put on glasses,2275,4,1530,1516,0.9150326797385621,0,1515
3497,11,put on glasses,2350,1,1454,1332,8.390646492434662,76,1407
3498,11,put on glasses,2350,2,1648,1170,29.00485436893204,86,1255
3499,11,put on glasses,2350,3,1366,1028,24.743777452415813,66,1093
3500,11,put on glasses,2350,4,1430,1338,6.433566433566433,72,1409
3501,11,put on glasses,2350,5,1482,1418,4.318488529014845,52,1469
3502,11,put on glasses,2397,1,1522,1248,18.00262812089356,6,1253
3503,11,put on glasses,2397,2,1551,1216,21.598968407479045,84,1299
3504,11,put on glasses,2397,3,1492,1406,5.7640750670241285,4,1409
3505,11,put on glasses,2397,4,1523,1244,18.319107025607355,0,1243
3506,11,put on glasses,2397,5,1726,1628,5.677867902665121,88,1715
3507,11,put on glasses,2495,1,1460,1330,8.904109589041095,8,1337
3508,11,put on glasses,2495,2,1598,1450,9.261576971214017,0,1449
3509,11,put on glasses,2495,3,1706,1610,5.6271981242672915,8,1617
3510,11,put on glasses,2495,4,1676,1582,5.608591885441528,0,1581
3511,11,put on glasses,2495,5,1614,1576,2.354399008674102,0,1575
3513,11,put on glasses,2622,2,1523,782,48.65397242284964,12,793
3514,11,put on glasses,2622,3,1545,660,57.28155339805825,0,659
3515,11,put on glasses,2622,4,1541,958,37.83257624918884,10,967
3516,11,put on glasses,2622,5,1545,1544,0.06472491909385113,0,1543
3517,11,put on glasses,2660,1,1364,1214,10.997067448680351,70,1283
3518,11,put on glasses,2660,2,1376,1288,6.395348837209302,88,1375
3519,11,put on glasses,2660,3,1489,1358,8.797850906648758,82,1439
3520,11,put on glasses,2660,4,1360,1278,6.029411764705882,80,1357
3521,11,put on glasses,2660,5,1312,1174,10.518292682926829,120,1293
3522,11,put on glasses,2669,1,1381,874,36.712527154236064,90,963
3523,11,put on glasses,2669,2,1452,974,32.92011019283746,50,1023
3524,11,put on glasses,2669,3,1338,1040,22.272047832585947,112,1151
3525,11,put on glasses,2669,4,1306,1078,17.457886676875958,90,1167
3526,11,put on glasses,2669,5,1398,946,32.33190271816881,140,1085
3527,11,put on glasses,272060,1,1403,614,56.23663578047042,84,697
3528,11,put on glasses,272060,2,1486,1444,2.826379542395693,18,1461
3529,11,put on glasses,272060,3,1503,932,37.99068529607452,34,965
3530,11,put on glasses,272060,4,1554,1532,1.4157014157014156,0,1531
3531,11,put on glasses,272060,5,1501,1474,1.798800799467022,2,1475
3532,11,put on glasses,2723,1,381,128,66.40419947506561,48,175
3533,11,put on glasses,2723,2,463,463,0.0,0,462
3534,11,put on glasses,2723,3,399,236,40.852130325814535,58,293
3535,11,put on glasses,2723,4,339,104,69.32153392330383,22,125
3536,11,put on glasses,2723,5,417,222,46.76258992805755,72,293
3537,11,put on glasses,2729,1,1495,634,57.591973244147155,166,799
3538,11,put on glasses,2729,2,1619,634,60.840024706609015,170,803
3539,11,put on glasses,2729,3,1568,686,56.25,170,855
3540,11,put on glasses,2729,4,1550,702,54.70967741935484,152,853
3541,11,put on glasses,2729,5,1684,672,60.09501187648456,174,845
3542,11,put on glasses,2747,1,1362,1104,18.94273127753304,42,1145
3543,11,put on glasses,2747,2,1311,1216,7.246376811594203,0,1215
3544,11,put on glasses,2747,3,1337,1206,9.798055347793568,42,1247
3545,11,put on glasses,2747,4,1292,1190,7.894736842105263,0,1189
3546,11,put on glasses,2747,5,1220,1148,5.901639344262295,18,1165
3547,11,put on glasses,3030,1,2276,2122,6.766256590509666,42,2163
3548,11,put on glasses,3030,2,1813,1740,4.026475455046883,68,1807
3549,11,put on glasses,3030,3,1931,1906,1.294665976178146,20,1925
3550,11,put on glasses,3030,4,2604,2418,7.142857142857143,120,2537
3551,11,put on glasses,3030,5,2424,2376,1.9801980198019802,10,2385
3552,11,put on glasses,3245,1,1527,1342,12.115258677144729,20,1361
3553,11,put on glasses,3245,2,1540,1292,16.103896103896105,174,1465
3554,11,put on glasses,3245,3,1536,1526,0.6510416666666666,10,1535
3555,11,put on glasses,3245,4,1456,1268,12.912087912087912,76,1343
3556,11,put on glasses,3245,5,1429,1194,16.445066480055985,6,1199
3557,12,take off glasses,2275,0,1612,1476,8.436724565756824,44,1519
3558,12,take off glasses,2275,1,1502,1404,6.524633821571238,20,1423
3559,12,take off glasses,2275,2,1530,1468,4.052287581699346,0,1467
3560,12,take off glasses,2275,3,1722,1538,10.685249709639953,86,1623
3561,12,take off glasses,2275,4,1416,1346,4.943502824858757,4,1349
3562,12,take off glasses,2350,1,1350,1178,12.74074074074074,68,1245
3563,12,take off glasses,2350,2,1330,1206,9.323308270676693,42,1247
3564,12,take off glasses,2350,3,1460,1408,3.5616438356164384,50,1457
3565,12,take off glasses,2350,4,1354,1134,16.248153618906944,60,1193
3566,12,take off glasses,2350,5,1356,1228,9.43952802359882,46,1273
3567,12,take off glasses,2397,1,1514,1466,3.1704095112285335,48,1513
3568,12,take off glasses,2397,2,1541,1418,7.981829980532122,122,1539
3569,12,take off glasses,2397,3,1567,1546,1.3401403956604978,20,1565
3570,12,take off glasses,2397,4,1519,1146,24.55562870309414,140,1285
3571,12,take off glasses,2397,5,1518,1490,1.844532279314888,28,1517
3572,12,take off glasses,2495,1,1621,1456,10.178901912399754,4,1459
3573,12,take off glasses,2495,2,1653,1522,7.9249848759830614,42,1563
3574,12,take off glasses,2495,3,1643,1528,6.99939135727328,0,1527
3575,12,take off glasses,2495,4,1608,1488,7.462686567164179,16,1503
3576,12,take off glasses,2495,5,1610,1404,12.79503105590062,0,1403
3579,12,take off glasses,2622,3,1540,654,57.532467532467535,38,691
3580,12,take off glasses,2622,4,1542,906,41.24513618677043,6,911
3581,12,take off glasses,2622,5,1543,1516,1.7498379779650033,20,1535
3582,12,take off glasses,2660,1,1328,1090,17.92168674698795,190,1279
3583,12,take off glasses,2660,2,1355,1190,12.177121771217712,94,1283
3584,12,take off glasses,2660,3,1338,1066,20.328849028400597,110,1175
3585,12,take off glasses,2660,4,1399,1174,16.082916368834884,140,1313
3586,12,take off glasses,2660,5,1598,1466,8.260325406758447,100,1565
3587,12,take off glasses,2669,1,1373,668,51.347414420975966,74,741
3588,12,take off glasses,2669,2,1349,732,45.737583395107485,78,809
3589,12,take off glasses,2669,3,1391,616,55.71531272465852,90,705
3590,12,take off glasses,2669,4,1401,674,51.89150606709493,86,759
3591,12,take off glasses,2669,5,1413,598,57.67869780608634,90,687
3592,12,take off glasses,272060,1,1497,1446,3.406813627254509,22,1467
3593,12,take off glasses,272060,2,1468,1388,5.449591280653951,68,1455
3594,12,take off glasses,272060,3,1522,1480,2.759526938239159,26,1505
3595,12,take off glasses,272060,4,1978,1950,1.4155712841253791,6,1955
3596,12,take off glasses,272060,5,1521,1458,4.1420118343195265,50,1507
3597,12,take off glasses,2723,1,330,330,0.0,0,329
3598,12,take off glasses,2723,2,366,158,56.830601092896174,48,205
3599,12,take off glasses,2723,3,412,132,67.96116504854369,146,277
3600,12,take off glasses,2723,5,515,378,26.601941747572816,24,401
3601,12,take off glasses,2729,1,1612,754,53.225806451612904,122,875
3602,12,take off glasses,2729,2,1528,668,56.282722513089006,114,781
3603,12,take off glasses,2729,3,1619,1288,20.444718962322423,4,1291
3604,12,take off glasses,2729,4,1864,696,62.66094420600859,118,813
3605,12,take off glasses,2729,5,1624,526,67.61083743842364,144,669
3606,12,take off glasses,2747,1,1322,1244,5.900151285930408,0,1243
3607,12,take off glasses,2747,2,1326,1224,7.6923076923076925,14,1237
3608,12,take off glasses,2747,3,1512,1398,7.5396825396825395,0,1397
3609,12,take off glasses,2747,4,1485,1288,13.265993265993266,38,1325
3610,12,take off glasses,2747,5,1321,1236,6.43451930355791,28,1263
3611,12,take off glasses,3030,1,2062,1994,3.297769156159069,68,2061
3612,12,take off glasses,3030,2,2544,2384,6.289308176100629,84,2467
3613,12,take off glasses,3030,3,2067,2048,0.919206579583938,0,2047
3614,12,take off glasses,3030,4,1728,1698,1.7361111111111112,30,1727
3615,12,take off glasses,3030,5,2070,1980,4.3478260869565215,68,2047
3616,12,take off glasses,3245,1,1450,994,31.448275862068964,176,1169
3617,12,take off glasses,3245,2,1454,1118,23.108665749656122,46,1163
3618,12,take off glasses,3245,3,1436,1266,11.838440111420613,100,1365
3619,12,take off glasses,3245,4,1448,1278,11.740331491712707,38,1315
3620,12,take off glasses,3245,5,1459,1104,24.33173406442769,150,1253
3621,13,sit down,2275,0,551,506,8.166969147005444,38,543
3622,13,sit down,2275,1,504,436,13.492063492063492,68,503
3623,13,sit down,2275,2,582,406,30.240549828178693,82,487
3624,13,sit down,2275,3,615,538,12.520325203252032,76,613
3625,13,sit down,2275,4,501,394,21.357285429141715,38,431
3626,13,sit down,2350,1,1268,768,39.43217665615142,126,893
3627,13,sit down,2350,2,1340,574,57.16417910447761,446,1019
3628,13,sit down,2350,3,1207,590,51.11847555923778,192,781
3629,13,sit down,2350,4,1293,624,51.74013921113689,290,913
3630,13,sit down,2350,5,1329,724,45.522949586155,70,793
3631,13,sit down,2397,1,1525,670,56.0655737704918,170,839
3632,13,sit down,2397,2,1559,452,71.0070558050032,126,577
3633,13,sit down,2397,3,1537,450,70.72218607677293,130,579
3634,13,sit down,2397,4,1525,1124,26.295081967213115,4,1127
3635,13,sit down,2397,5,1528,1230,19.50261780104712,76,1305
3636,13,sit down,2495,1,1554,1334,14.157014157014157,158,1491
3637,13,sit down,2495,2,1323,870,34.240362811791385,308,1177
3638,13,sit down,2495,3,1585,1046,34.00630914826498,422,1467
3639,13,sit down,2495,4,1521,1114,26.758711374095988,182,1295
3640,13,sit down,2495,5,1491,986,33.86988598256204,232,1217
3641,13,sit down,2622,1,1542,858,44.3579766536965,18,875
3642,13,sit down,2622,2,1534,1070,30.247718383311604,16,1085
3643,13,sit down,2622,3,1535,678,55.83061889250814,0,677
3644,13,sit down,2622,4,1548,688,55.55555555555556,6,693
3645,13,sit down,2622,5,1570,802,48.9171974522293,0,801
3646,13,sit down,2660,1,1344,1218,9.375,126,1343
3647,13,sit down,2660,2,1353,1206,10.864745011086475,146,1351
3648,13,sit down,2660,3,1317,1070,18.754745634016704,148,1217
3649,13,sit down,2660,4,1334,1214,8.995502248875562,120,1333
3650,13,sit down,2660,5,1327,1186,10.625470987189148,124,1309
3651,13,sit down,2669,1,1388,488,64.8414985590778,46,533
3652,13,sit down,2669,2,1437,442,69.24147529575505,110,551
3653,13,sit down,2669,3,1412,532,62.32294617563739,126,657
3654,13,sit down,2669,4,1387,500,63.95097332372026,86,585
3655,13,sit down,2669,5,1392,440,68.39080459770115,110,549
3656,13,sit down,272060,1,1408,1362,3.2670454545454546,32,1393
3657,13,sit down,272060,2,1502,1424,5.193075898801598,62,1485
3658,13,sit down,272060,3,1484,1444,2.6954177897574123,20,1463
3659,13,sit down,272060,4,1360,1000,26.470588235294116,12,1011
3660,13,sit down,272060,5,1448,1410,2.6243093922651934,20,1429
3661,13,sit down,2723,1,417,192,53.9568345323741,86,277
3662,13,sit down,2723,2,356,158,55.61797752808989,64,221
3663,13,sit down,2723,3,338,110,67.45562130177515,80,189
3664,13,sit down,2723,4,394,126,68.02030456852792,102,227
3665,13,sit down,2723,5,366,366,0.0,0,365
3666,13,sit down,2729,1,1625,738,54.58461538461538,156,893
3667,13,sit down,2729,2,1509,1218,19.284294234592444,186,1403
3668,13,sit down,2729,3,1608,1138,29.228855721393035,198,1335
3669,13,sit down,2729,4,1547,1352,12.605042016806722,28,1379
3670,13,sit down,2729,5,1608,1434,10.82089552238806,106,1539
3671,13,sit down,2747,1,1264,1178,6.80379746835443,20,1197
3672,13,sit down,2747,2,1244,1074,13.665594855305466,0,1073
3673,13,sit down,2747,3,1267,982,22.494080505130228,28,1009
3674,13,sit down,2747,4,1278,430,66.35367762128325,150,579
3675,13,sit down,2747,5,1294,832,35.7032457496136,0,831
3676,13,sit down,3030,1,1376,976,29.069767441860463,306,1281
3677,13,sit down,3030,2,1332,1206,9.45945945945946,48,1253
3678,13,sit down,3030,3,1434,1346,6.136680613668061,16,1361
3679,13,sit down,3030,4,1424,1198,15.870786516853933,16,1213
3680,13,sit down,3030,5,1379,1328,3.6983321247280636,0,1327
3681,13,sit down,3245,1,1421,566,60.1688951442646,94,659
3682,13,sit down,3245,2,1375,590,57.09090909090909,160,749
3683,13,sit down,3245,3,1461,610,58.247775496235455,94,703
3684,13,sit down,3245,4,1356,782,42.33038348082596,198,979
3685,13,sit down,3245,5,1392,638,54.166666666666664,60,697
3686,14,stand up,2275,0,598,494,17.391304347826086,28,521
3687,14,stand up,2275,1,642,538,16.1993769470405,46,583
3688,14,stand up,2275,2,737,714,3.1207598371777476,22,735
3689,14,stand up,2275,3,672,540,19.642857142857142,18,557
3690,14,stand up,2275,4,710,646,9.014084507042254,60,705
3691,14,stand up,2350,1,1335,638,52.20973782771536,108,745
3692,14,stand up,2350,2,1310,708,45.954198473282446,36,743
3693,14,stand up,2350,3,1294,618,52.24111282843895,94,711
3694,14,stand up,2350,4,1317,796,39.55960516324981,96,891
3695,14,stand up,2350,5,1345,602,55.24163568773234,220,821
3696,14,stand up,2397,1,1524,412,72.96587926509186,16,427
3697,14,stand up,2397,2,1536,1504,2.0833333333333335,32,1535
3698,14,stand up,2397,3,1493,494,66.91225720026792,22,515
3699,14,stand up,2397,4,1524,936,38.58267716535433,40,975
3700,14,stand up,2397,5,1529,1510,1.2426422498364944,18,1527
3701,14,stand up,2495,1,1585,1174,25.930599369085172,34,1207
3702,14,stand up,2495,2,1467,1328,9.475119291070211,28,1355
3703,14,stand up,2495,3,1676,1162,30.668257756563246,88,1249
3704,14,stand up,2495,4,1677,1236,26.29695885509839,10,1245
3705,14,stand up,2495,5,1628,1370,15.847665847665848,0,1369
3706,14,stand up,2622,1,1631,1544,5.334150827713059,10,1553
3707,14,stand up,2622,2,1426,914,35.90462833099579,12,925
3708,14,stand up,2622,3,1390,552,60.28776978417266,34,585
3709,14,stand up,2622,4,1467,1162,20.790729379686436,12,1173
3710,14,stand up,2622,5,1397,882,36.86471009305655,18,899
3711,14,stand up,2660,1,1390,1194,14.100719424460431,54,1247
3712,14,stand up,2660,2,1327,1230,7.309721175584024,96,1325
3713,14,stand up,2660,3,1258,1184,5.882352941176471,46,1229
3714,14,stand up,2660,4,1472,1366,7.201086956521739,52,1417
3715,14,stand up,2660,5,1290,1206,6.511627906976744,40,1245
3716,14,stand up,2669,1,1424,934,34.41011235955056,90,1023
3717,14,stand up,2669,2,1468,1246,15.122615803814714,46,1291
3718,14,stand up,2669,3,1325,822,37.9622641509434,136,957
3719,14,stand up,2669,4,1420,752,47.04225352112676,0,751
3720,14,stand up,2669,5,1380,1336,3.1884057971014492,2,1337
3721,14,stand up,272060,1,1144,344,69.93006993006993,0,343
3722,14,stand up,272060,2,1466,1462,0.2728512960436562,4,1465
3723,14,stand up,272060,3,1603,1374,14.285714285714286,60,1433
3724,14,stand up,272060,4,1470,1288,12.380952380952381,34,1321
3725,14,stand up,272060,5,1478,1252,15.290933694181327,8,1259
3726,14,stand up,2723,1,316,146,53.79746835443038,66,211
3727,14,stand up,2723,2,304,134,55.921052631578945,78,211
3728,14,stand up,2723,3,283,283,0.0,0,282
3729,14,stand up,2723,4,285,285,0.0,0,284
3730,14,stand up,2723,5,485,234,51.75257731958763,98,331
3731,14,stand up,2729,1,1536,1122,26.953125,132,1253
3732,14,stand up,2729,2,1565,1246,20.383386581469647,130,1375
3733,14,stand up,2729,3,1598,1140,28.660826032540676,168,1307
3734,14,stand up,2729,4,1731,1472,14.962449451184286,112,1583
3735,14,stand up,2729,5,1866,1760,5.680600214362272,40,1799
3736,14,stand up,2747,1,1357,1248,8.032424465733236,0,1247
3737,14,stand up,2747,2,1301,1270,2.382782475019216,6,1275
3738,14,stand up,2747,3,1392,646,53.5919540229885,12,657
3739,14,stand up,2747,4,1282,746,41.80967238689548,0,745
3740,14,stand up,2747,5,1371,958,30.12399708242159,0,957
3741,14,stand up,3030,1,1296,888,31.48148148148148,42,929
3742,14,stand up,3030,2,1528,1362,10.863874345549739,16,1377
3743,14,stand up,3030,3,1441,556,61.41568355308814,36,591
3744,14,stand up,3030,4,1573,1314,16.465352828989193,30,1343
3745,14,stand up,3030,5,1533,1248,18.59099804305284,36,1283
3746,14,stand up,3245,1,1392,770,44.68390804597701,156,925
3747,14,stand up,3245,2,1453,1198,17.549896765313147,146,1343
3748,14,stand up,3245,3,1440,816,43.333333333333336,280,1095
3749,14,stand up,3245,4,1400,770,45.0,172,941
3750,14,stand up,3245,5,1437,858,40.292275574112736,194,1051
3751,15,writing,2275,0,5907,5834,1.2358219062129676,40,5873
3752,15,writing,2275,1,5868,5078,13.462849352419905,108,5185
3753,15,writing,2275,2,6170,5996,2.820097244732577,46,6041
3754,15,writing,2275,3,5996,5872,2.068045363575717,20,5891
3755,15,writing,2275,4,6182,5992,3.0734390164995147,102,6093
3756,15,writing,2350,1,5121,5076,0.8787346221441125,44,5119
3757,15,writing,2350,2,5050,4986,1.2673267326732673,28,5013
3758,15,writing,2350,3,4972,4752,4.424778761061947,92,4843
3759,15,writing,2350,4,5011,4582,8.56116543604071,44,4625
3760,15,writing,2350,5,5107,4854,4.953984726845506,22,4875
3761,15,writing,2397,1,6014,5428,9.743930828067842,412,5839
3762,15,writing,2397,2,5966,5702,4.425075427422058,264,5965
3763,15,writing,2397,3,5982,5780,3.376797057840187,140,5919
3764,15,writing,2397,4,5996,5914,1.3675783855903936,30,5943
3765,15,writing,2397,5,6007,5848,2.64691193607458,126,5973
3766,15,writing,2495,1,5147,4994,2.9726054012045853,46,5039
3767,15,writing,2495,2,5228,5202,0.4973221117061974,20,5221
3768,15,writing,2495,3,5157,5030,2.4626720961799498,12,5041
3769,15,writing,2495,4,5516,5374,2.574329224075417,138,5511
3770,15,writing,2495,5,5446,5254,3.525523319867793,174,5427
3771,15,writing,2622,1,6191,6022,2.7297690195445,92,6113
3772,15,writing,2622,2,6026,5484,8.994357782940591,112,5595
3773,15,writing,2622,3,6077,5686,6.434095770939608,176,5861
3774,15,writing,2622,4,6149,5980,2.748414376321353,20,5999
3775,15,writing,2622,5,5945,5278,11.21951219512195,110,5387
3776,15,writing,2660,1,5073,4452,12.241277350680072,84,4535
3777,15,writing,2660,2,4930,4314,12.494929006085192,210,4523
3778,15,writing,2660,3,5077,4940,2.698443962970258,12,4951
3779,15,writing,2660,4,5030,4992,0.7554671968190855,30,5021
3780,15,writing,2660,5,4964,4834,2.618855761482675,84,4917
3781,15,writing,2669,1,6003,5934,1.1494252873563218,32,5965
3782,15,writing,2669,2,5890,5534,6.044142614601019,306,5839
3783,15,writing,2669,3,5757,5724,0.5732152162584679,22,5745
3784,15,writing,2669,4,5567,5476,1.634632656727142,78,5553
3785,15,writing,2669,5,5280,5186,1.7803030303030303,82,5267
3786,15,writing,272060,1,6141,5904,3.859306301905227,30,5933
3787,15,writing,272060,2,6100,5738,5.934426229508197,172,5909
3788,15,writing,272060,3,6073,5874,3.276798946155113,32,5905
3789,15,writing,272060,4,6058,5742,5.216242984483328,48,5789
3790,15,writing,272060,5,6176,5890,4.630829015544041,284,6173
3791,15,writing,2723,1,4201,3970,5.498690787907641,74,4043
3792,15,writing,2723,2,5733,5552,3.157160300017443,46,5597
3793,15,writing,2723,3,6557,6286,4.13298764678969,54,6339
3794,15,writing,2723,4,5739,5492,4.303885694371842,38,5529
3795,15,writing,2723,5,6235,5992,3.897353648757017,66,6057
3796,15,writing,2729,1,5654,5338,5.588963565617262,162,5499
3797,15,writing,2729,2,5776,5542,4.051246537396122,210,5751
3798,15,writing,2729,3,6104,5772,5.439056356487549,56,5827
3799,15,writing,2729,4,5687,5326,6.347810796553543,152,5477
3800,15,writing,2729,5,6511,6120,6.005221932114883,170,6289
3801,15,writing,2747,1,10018,9760,2.575364344180475,100,9859
3802,15,writing,2747,2,5771,5410,6.255415006064807,14,5423
3803,15,writing,2747,3,5141,4894,4.804512740711924,20,4913
3804,15,writing,2747,4,5316,4998,5.981941309255079,224,5221
3805,15,writing,2747,5,5705,5602,1.8054338299737074,0,5601
3806,15,writing,3030,1,5711,5626,1.488355804587638,14,5639
3807,15,writing,3030,2,5710,5262,7.8458844133099825,202,5463
3808,15,writing,3030,3,6234,5542,11.100417067693295,664,6205
3809,15,writing,3030,4,5594,5526,1.2155881301394351,26,5551
3810,15,writing,3030,5,7104,6726,5.320945945945946,118,6843
3811,15,writing,3245,1,4890,4418,9.65235173824131,422,4839
3812,15,writing,3245,2,4952,4786,3.3521809369951536,160,4945
3813,15,writing,3245,3,4921,4526,8.026823816297501,394,4919
3814,15,writing,3245,4,5176,5034,2.7434312210200926,98,5131
3815,15,writing,3245,5,4888,4584,6.219312602291326,304,4887
3816,16,phone call,2275,0,1401,1268,9.493219129193433,46,1313
3817,16,phone call,2275,1,1341,1198,10.663683818046234,50,1247
3818,16,phone call,2275,2,1490,1300,12.751677852348994,72,1371
3819,16,phone call,2275,3,1594,1406,11.79422835633626,138,1543
3820,16,phone call,2275,4,1177,998,15.208156329651656,76,1073
3821,16,phone call,2350,1,3221,3064,4.874262651350512,32,3095
3822,16,phone call,2350,2,2895,1376,52.46977547495682,50,1425
3823,16,phone call,2350,3,2911,2044,29.783579525936105,82,2125
3824,16,phone call,2350,4,2904,2016,30.578512396694215,68,2083
3825,16,phone call,2350,5,3013,2930,2.7547295054762695,82,3011
3826,16,phone call,2397,1,3153,2388,24.262607040913416,0,2387
3827,16,phone call,2397,2,3515,3412,2.930298719772404,102,3513
3828,16,phone call,2397,3,3049,2238,26.59888488028862,0,2237
3829,16,phone call,2397,4,3009,3008,0.03323363243602526,0,3007
3830,16,phone call,2397,5,3087,3086,0.032393909944930355,0,3085
3831,16,phone call,2495,1,3123,2868,8.165225744476466,0,2867
3832,16,phone call,2495,2,3338,3306,0.9586578789694428,0,3305
3833,16,phone call,2495,3,3322,3322,0.0,0,3321
3834,16,phone call,2495,4,3236,3074,5.006180469715698,0,3073
3835,16,phone call,2495,5,3235,2998,7.326120556414219,0,2997
3836,16,phone call,2622,1,2983,2834,4.994971505196111,12,2845
3837,16,phone call,2622,2,2991,2846,4.847876964226011,30,2875
3838,16,phone call,2622,3,3062,3054,0.2612671456564337,0,3053
3839,16,phone call,2622,4,3129,2970,5.0814956855225315,0,2969
3840,16,phone call,2622,5,3189,3176,0.40765130134838506,0,3175
3841,16,phone call,2660,1,2543,2018,20.644907589461265,72,2089
3842,16,phone call,2660,2,2813,2638,6.221116246000711,0,2637
3843,16,phone call,2660,3,2801,2730,2.534808996786862,0,2729
3844,16,phone call,2660,4,2900,2720,6.206896551724138,0,2719
3845,16,phone call,2660,5,2816,2686,4.6164772727272725,0,2685
3846,16,phone call,2669,1,2702,2632,2.5906735751295336,0,2631
3847,16,phone call,2669,2,2947,2588,12.181879877841872,32,2619
3848,16,phone call,2669,3,2821,2396,15.065579581708613,18,2413
3849,16,phone call,2669,4,2833,2524,10.907165548888104,0,2523
3850,16,phone call,2669,5,2727,2722,0.18335166850018336,0,2721
3851,16,phone call,272060,1,3079,3076,0.0974342318934719,2,3077
3852,16,phone call,272060,2,3140,3140,0.0,0,3139
3853,16,phone call,272060,3,3034,2928,3.4937376400791034,0,2927
3854,16,phone call,272060,4,2929,2928,0.03414134516899966,0,2927
3855,16,phone call,272060,5,3197,3050,4.5980606818892715,0,3049
3856,16,phone call,2723,1,551,184,66.60617059891108,26,209
3857,16,phone call,2723,2,695,254,63.45323741007194,0,253
3858,16,phone call,2723,3,684,308,54.97076023391813,28,335
3859,16,phone call,2723,4,571,184,67.77583187390543,6,189
3860,16,phone call,2723,5,629,256,59.30047694753577,0,255
3861,16,phone call,2729,1,3154,2940,6.7850348763474955,0,2939
3862,16,phone call,2729,2,3105,3104,0.0322061191626409,0,3103
3863,16,phone call,2729,3,3159,3158,0.03165558721114277,0,3157
3864,16,phone call,2729,4,3093,3016,2.489492402198513,0,3015
3865,16,phone call,2729,5,3075,2692,12.455284552845528,14,2705
3866,16,phone call,2747,1,2847,2600,8.67579908675799,20,2619
3867,16,phone call,2747,2,2748,2520,8.296943231441048,0,2519
3868,16,phone call,2747,3,2469,2250,8.869987849331713,0,2249
3869,16,phone call,2747,4,2867,2734,4.6389954656435295,14,2747
3870,16,phone call,2747,5,2659,2078,21.850319669048513,0,2077
3871,16,phone call,3030,1,3288,2982,9.306569343065693,8,2989
3872,16,phone call,3030,2,3416,3232,5.386416861826698,0,3231
3873,16,phone call,3030,3,3354,3126,6.797853309481217,0,3125
3874,16,phone call,3030,4,3328,3112,6.490384615384615,0,3111
3875,16,phone call,3030,5,3334,3148,5.578884223155369,0,3147
3876,16,phone call,3245,1,3000,2392,20.266666666666666,70,2461
3877,16,phone call,3245,2,2979,2172,27.089627391742194,0,2171
3878,16,phone call,3245,3,3024,2338,22.685185185185187,24,2361
3879,16,phone call,3245,4,3028,2300,24.042272126816382,0,2299
3880,16,phone call,3245,5,2957,2008,32.09333784240785,124,2131
3881,17,type on keyboard,2275,0,6421,6178,3.7844572496495874,142,6319
3882,17,type on keyboard,2275,1,6286,5992,4.67706013363029,128,6119
3883,17,type on keyboard,2275,2,6317,6254,0.9973088491372487,4,6257
3884,17,type on keyboard,2275,3,6271,6022,3.9706585871471853,244,6265
3885,17,type on keyboard,2275,4,6412,6284,1.9962570180910792,52,6335
3886,17,type on keyboard,2350,1,5380,5238,2.6394052044609664,52,5289
3887,17,type on keyboard,2350,2,5383,5182,3.7339773360579604,160,5341
3888,17,type on keyboard,2350,3,5282,4702,10.980689132904203,166,4867
3889,17,type on keyboard,2350,4,5438,5302,2.500919455682236,122,5423
3890,17,type on keyboard,2350,5,6147,5990,2.5540914267122172,144,6133
3891,17,type on keyboard,2397,1,6005,5906,1.6486261448792672,98,6003
3892,17,type on keyboard,2397,2,6127,5920,3.3784886567651378,170,6089
3893,17,type on keyboard,2397,3,6028,5934,1.559389515593895,86,6019
3894,17,type on keyboard,2397,4,5995,5796,3.3194328607172645,120,5915
3895,17,type on keyboard,2397,5,6021,5934,1.4449427005480817,76,6009
3896,17,type on keyboard,2495,1,5469,5316,2.797586396050466,0,5315
3897,17,type on keyboard,2495,2,5069,4606,9.133951469717893,438,5043
3898,17,type on keyboard,2495,3,4870,4772,2.0123203285420943,6,4777
3899,17,type on keyboard,2495,4,4870,4828,0.8624229979466119,8,4835
3900,17,type on keyboard,2495,5,4634,4498,2.93482952093224,8,4505
3901,17,type on keyboard,2622,1,6518,6084,6.658484197606628,120,6203
3902,17,type on keyboard,2622,2,6376,5956,6.587202007528231,296,6251
3903,17,type on keyboard,2622,3,6348,5814,8.41209829867675,142,5955
3904,17,type on keyboard,2622,4,6419,6046,5.810873967907773,128,6173
3905,17,type on keyboard,2622,5,6348,6048,4.725897920604915,48,6095
3906,17,type on keyboard,2660,1,4915,4698,4.415055951169888,146,4843
3907,17,type on keyboard,2660,2,4873,4690,3.755386825364252,160,4849
3908,17,type on keyboard,2660,3,4862,4776,1.7688194158782393,54,4829
3909,17,type on keyboard,2660,4,4847,4682,3.404167526304931,132,4813
3910,17,type on keyboard,2660,5,4920,4862,1.1788617886178863,52,4913
3911,17,type on keyboard,2669,1,6081,5522,9.192567012004604,330,5851
3912,17,type on keyboard,2669,2,6055,5972,1.370767960363336,82,6053
3913,17,type on keyboard,2669,3,6401,6052,5.452273082330886,108,6159
3914,17,type on keyboard,2669,4,6049,5986,1.041494461894528,58,6043
3915,17,type on keyboard,2669,5,6066,6004,1.022090339597758,52,6055
3916,17,type on keyboard,272060,1,5850,5400,7.6923076923076925,48,5447
3917,17,type on keyboard,272060,2,6083,5804,4.586552687818511,42,5845
3918,17,type on keyboard,272060,3,6200,5872,5.290322580645161,140,6011
3919,17,type on keyboard,272060,4,6242,5550,11.086190323614225,108,5657
3920,17,type on keyboard,272060,5,6468,6022,6.895485466914038,44,6065
3921,17,type on keyboard,2723,1,6009,5838,2.8457314028956566,96,5933
3922,17,type on keyboard,2723,2,6161,5864,4.820645999026132,84,5947
3923,17,type on keyboard,2723,3,5297,5164,2.5108552010572023,12,5175
3924,17,type on keyboard,2723,4,6278,6066,3.376871615164065,0,6065
3925,17,type on keyboard,2723,5,5678,5576,1.7964071856287425,18,5593
3926,17,type on keyboard,2729,1,5376,4640,13.69047619047619,308,4947
3927,17,type on keyboard,2729,2,5178,4350,15.990730011587486,226,4575
3928,17,type on keyboard,2729,3,5166,4362,15.563298490127758,318,4679
3929,17,type on keyboard,2729,4,5123,4566,10.872535623658013,306,4871
3930,17,type on keyboard,2729,5,5396,4946,8.339510748702743,286,5231
3931,17,type on keyboard,2747,1,5030,4910,2.3856858846918487,28,4937
3932,17,type on keyboard,2747,2,5604,5530,1.3204853675945754,20,5549
3933,17,type on keyboard,2747,3,5342,5322,0.3743916136278547,20,5341
3934,17,type on keyboard,2747,4,5096,4964,2.5902668759811616,90,5053
3935,17,type on keyboard,2747,5,6033,5918,1.9061826620255262,90,6007
3936,17,type on keyboard,3030,1,6561,6174,5.8984910836762685,258,6431
3937,17,type on keyboard,3030,2,6432,5906,8.177860696517413,526,6431
3938,17,type on keyboard,3030,3,6470,6318,2.349304482225657,118,6435
3939,17,type on keyboard,3030,4,6355,6160,3.068450039339103,96,6255
3940,17,type on keyboard,3030,5,6498,6236,4.032009849184364,114,6349
3941,17,type on keyboard,3245,1,5000,4580,8.4,134,4713
3942,17,type on keyboard,3245,2,5047,3890,22.924509609669112,116,4005
3943,17,type on keyboard,3245,3,5078,4834,4.8050413548641195,234,5067
3944,17,type on keyboard,3245,4,5143,5030,2.197161189966945,76,5105
3945,17,type on keyboard,3245,5,5256,4960,5.6316590563165905,122,5081
3946,18,salute (wave hand),2275,0,2923,2788,4.618542593226137,92,2879
3947,18,salute (wave hand),2275,1,3200,3070,4.0625,88,3157
3948,18,salute (wave hand),2275,2,2977,2762,7.222035606315083,130,2891
3949,18,salute (wave hand),2275,3,2935,2868,2.282793867120954,32,2899
3950,18,salute (wave hand),2275,4,3026,2936,2.9742233972240584,60,2995
3951,18,salute (wave hand),2350,1,2612,2538,2.8330781010719757,48,2585
3952,18,salute (wave hand),2350,2,2844,2720,4.360056258790436,96,2815
3953,18,salute (wave hand),2350,3,2665,2336,12.345215759849907,224,2559
3954,18,salute (wave hand),2350,4,2728,2550,6.524926686217009,120,2669
3955,18,salute (wave hand),2350,5,2639,2342,11.25426297840091,90,2431
3956,18,salute (wave hand),2397,1,3015,2634,12.63681592039801,292,2925
3957,18,salute (wave hand),2397,2,3004,2806,6.5912117177097205,158,2963
3958,18,salute (wave hand),2397,3,3216,3092,3.855721393034826,24,3115
3959,18,salute (wave hand),2397,4,3289,2990,9.090909090909092,62,3051
3960,18,salute (wave hand),2397,5,3017,2890,4.209479615512098,54,2943
3961,18,salute (wave hand),2495,1,3166,3042,3.9166140240050535,28,3069
3962,18,salute (wave hand),2495,2,3118,3064,1.731879409878127,0,3063
3963,18,salute (wave hand),2495,3,3157,3080,2.4390243902439024,0,3079
3964,18,salute (wave hand),2495,4,3052,2938,3.7352555701179555,4,2941
3965,18,salute (wave hand),2495,5,3228,3210,0.5576208178438662,16,3225
3966,18,salute (wave hand),2622,1,3088,2820,8.678756476683938,76,2895
3967,18,salute (wave hand),2622,2,3153,2842,9.863621947351728,274,3115
3968,18,salute (wave hand),2622,3,3263,2944,9.776279497395036,88,3031
3969,18,salute (wave hand),2622,4,3499,3118,10.888825378679623,98,3215
3970,18,salute (wave hand),2622,5,3114,3038,2.4405908798972384,38,3075
3971,18,salute (wave hand),2660,1,2747,2674,2.65744448489261,14,2687
3972,18,salute (wave hand),2660,2,2764,2726,1.3748191027496381,12,2737
3973,18,salute (wave hand),2660,3,2694,2604,3.34075723830735,58,2661
3974,18,salute (wave hand),2660,4,2736,2642,3.435672514619883,32,2673
3975,18,salute (wave hand),2660,5,3303,3244,1.7862549197699062,8,3251
3976,18,salute (wave hand),2669,1,2728,2518,7.697947214076247,42,2559
3977,18,salute (wave hand),2669,2,2644,2604,1.51285930408472,40,2643
3978,18,salute (wave hand),2669,3,2662,2650,0.4507888805409467,12,2661
3979,18,salute (wave hand),2669,4,2720,2548,6.323529411764706,26,2573
3980,18,salute (wave hand),2669,5,2635,2410,8.538899430740038,14,2423
3981,18,salute (wave hand),272060,1,3025,2886,4.595041322314049,10,2895
3982,18,salute (wave hand),272060,2,3085,2838,8.006482982171798,106,2943
3983,18,salute (wave hand),272060,3,3177,2886,9.159584513692163,50,2935
3984,18,salute (wave hand),272060,4,3027,2852,5.781301618764453,42,2893
3985,18,salute (wave hand),272060,5,3178,2888,9.125235997482694,80,2967
3986,18,salute (wave hand),2723,1,3089,3040,1.5862738750404661,0,3039
3987,18,salute (wave hand),2723,2,3379,3348,0.9174311926605505,0,3347
3988,18,salute (wave hand),2723,3,3198,3160,1.1882426516572857,32,3191
3989,18,salute (wave hand),2723,4,3096,3058,1.227390180878553,32,3089
3990,18,salute (wave hand),2723,5,3136,3066,2.232142857142857,70,3135
3991,18,salute (wave hand),2729,1,2789,2522,9.573323771961276,172,2693
3992,18,salute (wave hand),2729,2,2734,2454,10.241404535479152,166,2619
3993,18,salute (wave hand),2729,3,2877,2596,9.767118526242614,120,2715
3994,18,salute (wave hand),2729,4,2777,2570,7.454087144400432,150,2719
3995,18,salute (wave hand),2729,5,2742,2514,8.315098468271335,136,2649
3996,18,salute (wave hand),2747,1,2819,2694,4.434196523589925,0,2693
3997,18,salute (wave hand),2747,2,2839,2726,3.98027474462839,84,2809
3998,18,salute (wave hand),2747,3,2891,2806,2.940159114493255,0,2805
3999,18,salute (wave hand),2747,4,2940,2666,9.319727891156463,164,2829
4000,18,salute (wave hand),2747,5,2908,2840,2.33837689133425,60,2899
4001,18,salute (wave hand),3030,1,3614,3434,4.980630879911455,78,3511
4002,18,salute (wave hand),3030,2,3491,3470,0.6015468347178459,20,3489
4003,18,salute (wave hand),3030,3,3457,3104,10.211165750650853,30,3133
4004,18,salute (wave hand),3030,4,3440,3340,2.9069767441860463,78,3417
4005,18,salute (wave hand),3030,5,3400,3292,3.176470588235294,14,3305
4006,18,salute (wave hand),3245,1,3032,2782,8.24538258575198,112,2893
4007,18,salute (wave hand),3245,2,3758,3648,2.927088877062267,62,3709
4008,18,salute (wave hand),3245,3,3145,3048,3.0842607313195547,96,3143
4009,18,salute (wave hand),3245,4,3040,2932,3.5526315789473686,102,3033
4010,18,salute (wave hand),3245,5,3019,2834,6.127856906260351,34,2867
4011,19,sneeze cough,2275,0,477,298,37.526205450733755,102,399
4012,19,sneeze cough,2275,1,713,648,9.1164095371669,36,683
4013,19,sneeze cough,2275,2,705,680,3.5460992907801416,14,693
4014,19,sneeze cough,2275,3,613,546,10.929853181076671,32,577
4015,19,sneeze cough,2275,4,596,552,7.382550335570469,4,555
4016,19,sneeze cough,2350,1,1411,1178,16.513111268603826,74,1251
4017,19,sneeze cough,2350,2,1407,1214,13.717128642501777,88,1301
4018,19,sneeze cough,2350,3,1439,1002,30.368311327310632,6,1007
4019,19,sneeze cough,2350,4,1372,832,39.35860058309038,118,949
4020,19,sneeze cough,2350,5,1392,962,30.89080459770115,92,1053
4021,19,sneeze cough,2397,1,1532,998,34.85639686684073,0,997
4022,19,sneeze cough,2397,2,1543,982,36.357744653272846,60,1041
4023,19,sneeze cough,2397,3,1572,1572,0.0,0,1571
4024,19,sneeze cough,2397,4,1571,1488,5.2832590706556335,0,1487
4025,19,sneeze cough,2397,5,1692,1684,0.4728132387706856,8,1691
4026,19,sneeze cough,2495,1,1536,1448,5.729166666666667,0,1447
4027,19,sneeze cough,2495,2,1508,1048,30.50397877984085,0,1047
4028,19,sneeze cough,2495,3,1372,874,36.29737609329446,8,881
4029,19,sneeze cough,2495,4,1458,1446,0.823045267489712,8,1453
4030,19,sneeze cough,2495,5,1517,1138,24.983520105471325,10,1147
4031,19,sneeze cough,2622,1,1596,1416,11.278195488721805,38,1453
4032,19,sneeze cough,2622,2,1542,1274,17.380025940337223,124,1397
4033,19,sneeze cough,2622,3,1558,1412,9.370988446726573,146,1557
4034,19,sneeze cough,2622,4,1443,1278,11.434511434511435,64,1341
4035,19,sneeze cough,2622,5,1535,1244,18.957654723127035,42,1285
4036,19,sneeze cough,2660,1,1314,720,45.205479452054796,30,749
4037,19,sneeze cough,2660,2,1307,1044,20.122417750573835,12,1055
4038,19,sneeze cough,2660,3,1305,782,40.076628352490424,24,805
4039,19,sneeze cough,2660,4,1466,1090,25.648021828103683,100,1189
4040,19,sneeze cough,2660,5,1443,1344,6.860706860706861,8,1351
4041,19,sneeze cough,2669,1,1349,1120,16.975537435137138,30,1149
4042,19,sneeze cough,2669,2,1441,1332,7.5641915336571826,52,1383
4043,19,sneeze cough,2669,3,1452,1320,9.090909090909092,48,1367
4044,19,sneeze cough,2669,4,1469,1172,20.21783526208305,26,1197
4045,19,sneeze cough,2669,5,1493,456,69.45746818486269,128,583
4046,19,sneeze cough,272060,1,1410,1170,17.02127659574468,0,1169
4047,19,sneeze cough,272060,2,1457,1396,4.186684969114619,0,1395
4048,19,sneeze cough,272060,3,1446,1424,1.5214384508990317,6,1429
4049,19,sneeze cough,272060,4,1518,390,74.30830039525692,2,391
4050,19,sneeze cough,272060,5,1536,1460,4.947916666666667,28,1487
4051,19,sneeze cough,2723,1,311,116,62.70096463022508,22,137
4052,19,sneeze cough,2723,2,298,140,53.02013422818792,16,155
4053,19,sneeze cough,2723,3,285,285,0.0,0,284
4054,19,sneeze cough,2723,4,289,116,59.86159169550173,100,215
4055,19,sneeze cough,2723,5,316,178,43.67088607594937,14,191
4056,19,sneeze cough,2729,1,1447,830,42.639944713199725,240,1069
4057,19,sneeze cough,2729,2,1645,1558,5.288753799392097,0,1557
4058,19,sneeze cough,2729,3,1568,1262,19.51530612244898,0,1261
4059,19,sneeze cough,2729,4,1610,1600,0.6211180124223602,8,1607
4060,19,sneeze cough,2729,5,1624,1586,2.3399014778325125,0,1585
4061,19,sneeze cough,2747,1,1508,1508,0.0,0,1507
4062,19,sneeze cough,2747,2,1315,1314,0.07604562737642585,0,1313
4063,19,sneeze cough,2747,3,1435,1418,1.1846689895470384,16,1433
4064,19,sneeze cough,2747,4,1348,1068,20.771513353115726,0,1067
4065,19,sneeze cough,2747,5,1219,1122,7.957342083675144,96,1217
4066,19,sneeze cough,3030,1,1792,1402,21.763392857142858,32,1433
4067,19,sneeze cough,3030,2,1450,888,38.758620689655174,166,1053
4068,19,sneeze cough,3030,3,1612,832,48.38709677419355,14,845
4069,19,sneeze cough,3030,4,1888,1882,0.3177966101694915,0,1881
4070,19,sneeze cough,3030,5,1386,688,50.36075036075036,28,715
4071,19,sneeze cough,3245,1,1472,1046,28.940217391304348,14,1059
4072,19,sneeze cough,3245,2,1503,976,35.06320691949434,92,1067
4073,19,sneeze cough,3245,3,1475,1246,15.525423728813559,228,1473
4074,19,sneeze cough,3245,4,1493,1138,23.77762893503014,132,1269
4075,19,sneeze cough,3245,5,1480,1014,31.486486486486488,70,1083
4076,1,drink water,2275,0,2696,2624,2.6706231454005933,0,2623
4077,1,drink water,2275,1,2616,2596,0.764525993883792,6,2601
4078,1,drink water,2275,2,3095,3072,0.7431340872374798,0,3071
4079,1,drink water,2275,3,2680,2666,0.5223880597014925,8,2673
4080,1,drink water,2275,4,2676,2636,1.4947683109118086,14,2649
4081,1,drink water,2350,1,3165,3044,3.8230647709320693,18,3061
4082,1,drink water,2350,2,3036,2650,12.714097496706191,42,2691
4083,1,drink water,2350,3,3112,2520,19.02313624678663,0,2519
4084,1,drink water,2350,4,2929,2740,6.452714236940936,0,2739
4085,1,drink water,2350,5,2929,2200,24.88904062820075,4,2203
4086,1,drink water,2397,1,3033,3012,0.6923837784371909,10,3021
4087,1,drink water,2397,2,3063,2904,5.190989226248775,120,3023
4088,1,drink water,2397,3,3036,3032,0.13175230566534915,2,3033
4089,1,drink water,2397,4,3061,2748,10.225416530545573,86,2833
4090,1,drink water,2397,5,3045,2958,2.857142857142857,14,2971
4091,1,drink water,2495,1,3138,2990,4.716379859783301,44,3033
4094,1,drink water,2495,4,5710,5298,7.215411558669002,202,5499
4095,1,drink water,2495,5,2928,2902,0.8879781420765027,0,2901
4096,1,drink water,2622,1,2768,2724,1.5895953757225434,0,2723
4097,1,drink water,2622,2,2664,2428,8.85885885885886,82,2509
4098,1,drink water,2622,3,2800,2728,2.5714285714285716,12,2739
4099,1,drink water,2622,4,2947,2780,5.666779776043434,22,2801
4100,1,drink water,2622,5,2973,2896,2.589976454759502,0,2895
4101,1,drink water,2660,1,3003,2818,6.16050616050616,56,2873
4102,1,drink water,2660,2,2820,2558,9.290780141843971,44,2601
4103,1,drink water,2660,3,2684,2582,3.8002980625931446,56,2637
4104,1,drink water,2660,4,2798,2762,1.2866333095067906,30,2791
4105,1,drink water,2660,5,2816,2690,4.474431818181818,84,2773
4106,1,drink water,2669,1,2890,2734,5.397923875432526,0,2733
4107,1,drink water,2669,2,2937,2934,0.10214504596527069,2,2935
4108,1,drink water,2669,3,2677,2664,0.48561822936122523,0,2663
4109,1,drink water,2669,4,2834,2712,4.304869442484121,48,2759
4110,1,drink water,2669,5,2629,2430,7.569418029669076,14,2443
4111,1,drink water,272060,1,3482,3266,6.203331418724871,24,3289
4112,1,drink water,272060,2,3576,3504,2.0134228187919465,22,3525
4113,1,drink water,272060,3,3365,3044,9.539375928677563,152,3195
4114,1,drink water,272060,4,3420,3312,3.1578947368421053,16,3327
4115,1,drink water,272060,5,3234,3068,5.132962275819419,26,3093
4116,1,drink water,2723,1,3228,3154,2.292441140024783,54,3207
4117,1,drink water,2723,2,2882,2770,3.8861901457321304,52,2821
4118,1,drink water,2723,3,3441,3440,0.02906131938390003,0,3439
4119,1,drink water,2723,4,2942,2882,2.0394289598912305,0,2881
4120,1,drink water,2723,5,3515,3514,0.02844950213371266,0,3513
4121,1,drink water,2729,1,3185,3096,2.794348508634223,4,3099
4122,1,drink water,2729,2,2947,2622,11.028164234815065,122,2743
4123,1,drink water,2729,3,2922,2662,8.898015058179329,184,2845
4124,1,drink water,2729,4,3216,2904,9.701492537313433,198,3101
4125,1,drink water,2729,5,2979,2138,28.230949983215844,212,2349
4126,1,drink water,2747,1,3131,2394,23.53880549345257,0,2393
4127,1,drink water,2747,2,2896,2746,5.179558011049724,0,2745
4128,1,drink water,2747,3,2916,2646,9.25925925925926,0,2645
4129,1,drink water,2747,4,2910,1888,35.12027491408935,0,1887
4130,1,drink water,2747,5,2893,2634,8.952644313861043,0,2633
4131,1,drink water,3245,1,3017,2900,3.8780245276764997,0,2899
4132,1,drink water,3245,2,3034,2652,12.590639419907713,46,2697
4133,1,drink water,3245,3,3129,3128,0.03195909236177692,0,3127
4134,1,drink water,3245,4,2996,2956,1.335113484646195,0,2955
4135,1,drink water,3245,5,3014,2790,7.431984074319841,40,2829
4136,20,blow nose,2275,0,2722,2694,1.0286554004408524,18,2711
4137,20,blow nose,2275,1,3124,3066,1.8565941101152368,36,3101
4138,20,blow nose,2275,2,3193,3006,5.856561227685562,130,3135
4139,20,blow nose,2275,3,2977,2908,2.3177695666778635,46,2953
4140,20,blow nose,2275,4,2589,2522,2.5878717651602936,34,2555
4141,20,blow nose,2350,1,2780,1482,46.69064748201439,16,1497
4142,20,blow nose,2350,2,2889,1144,60.40152301834545,36,1179
4143,20,blow nose,2350,3,2817,1110,60.59637912673056,26,1135
4144,20,blow nose,2350,4,2890,2842,1.6608996539792387,46,2887
4145,20,blow nose,2350,5,2859,838,70.68905211612451,28,865
4146,20,blow nose,2397,1,3006,2972,1.1310711909514304,6,2977
4147,20,blow nose,2397,2,5029,4760,5.3489759395506065,22,4781
4148,20,blow nose,2397,3,3000,2998,0.06666666666666667,0,2997
4149,20,blow nose,2397,4,3012,2970,1.3944223107569722,32,3001
4150,20,blow nose,2397,5,3161,3086,2.372666877570389,74,3159
4151,20,blow nose,2495,1,2836,2558,9.802538787023977,58,2615
4152,20,blow nose,2495,2,2719,2374,12.688488414858403,22,2395
4153,20,blow nose,2495,3,2853,2622,8.096740273396424,18,2639
4154,20,blow nose,2495,4,2890,2532,12.387543252595156,14,2545
4155,20,blow nose,2495,5,2787,2360,15.32113383566559,14,2373
4156,20,blow nose,2622,1,2974,2974,0.0,0,2973
4157,20,blow nose,2622,2,2993,2934,1.9712662880053458,56,2989
4158,20,blow nose,2622,3,2995,2848,4.908180300500835,16,2863
4159,20,blow nose,2622,4,2987,2902,2.8456645463675927,68,2969
4160,20,blow nose,2622,5,3162,3104,1.8342820999367488,26,3129
4161,20,blow nose,2660,1,2841,2714,4.470256951777543,78,2791
4162,20,blow nose,2660,2,2941,2618,10.982658959537572,8,2625
4163,20,blow nose,2660,3,2870,2808,2.1602787456445993,60,2867
4164,20,blow nose,2660,4,2917,2834,2.8453890983887558,64,2897
4165,20,blow nose,2660,5,2866,2678,6.559665038381019,86,2763
4166,20,blow nose,2669,1,2746,2360,14.056809905316824,18,2377
4167,20,blow nose,2669,2,3031,2964,2.210491586935005,0,2963
4168,20,blow nose,2669,3,2850,2646,7.157894736842105,2,2647
4169,20,blow nose,2669,4,3046,1488,51.149047931713724,56,1543
4170,20,blow nose,2669,5,2934,2592,11.656441717791411,8,2599
4171,20,blow nose,272060,1,2973,2390,19.609821728893372,14,2403
4172,20,blow nose,272060,2,3108,3108,0.0,0,3107
4173,20,blow nose,272060,3,3029,3010,0.6272697259821723,0,3009
4174,20,blow nose,272060,4,3024,3002,0.7275132275132276,18,3019
4175,20,blow nose,272060,5,2988,2930,1.9410977242302543,52,2981
4176,20,blow nose,2723,1,567,556,1.9400352733686066,10,565
4177,20,blow nose,2723,2,509,434,14.734774066797643,74,507
4178,20,blow nose,2723,3,456,316,30.70175438596491,98,413
4179,20,blow nose,2723,4,461,452,1.9522776572668112,8,459
4180,20,blow nose,2723,5,406,398,1.9704433497536946,8,405
4181,20,blow nose,2729,1,2897,1272,56.09250949257853,140,1411
4182,20,blow nose,2729,2,2690,2490,7.434944237918216,140,2629
4183,20,blow nose,2729,3,3182,3044,4.336895034569453,30,3073
4184,20,blow nose,2729,4,2971,2006,32.480646247054864,18,2023
4185,20,blow nose,2729,5,2970,2560,13.804713804713804,124,2683
4186,20,blow nose,2747,1,2462,2444,0.7311129163281884,18,2461
4187,20,blow nose,2747,2,2294,2210,3.6617262423714037,0,2209
4188,20,blow nose,2747,3,2656,2270,14.533132530120483,12,2281
4189,20,blow nose,2747,4,2552,2546,0.23510971786833856,0,2545
4190,20,blow nose,2747,5,2650,2640,0.37735849056603776,10,2649
4191,20,blow nose,3030,1,3401,3400,0.029403116730373418,0,3399
4192,20,blow nose,3030,2,3432,3432,0.0,0,3431
4193,20,blow nose,3030,3,3396,3396,0.0,0,3395
4194,20,blow nose,3030,4,3142,3142,0.0,0,3141
4195,20,blow nose,3030,5,3406,3406,0.0,0,3405
4196,20,blow nose,3245,1,3016,2954,2.055702917771883,48,3001
4197,20,blow nose,3245,2,2938,2938,0.0,0,2937
4198,20,blow nose,3245,3,3029,3022,0.231099372730274,0,3021
4199,20,blow nose,3245,4,3073,2938,4.393101204035145,2,2939
4200,20,blow nose,3245,5,2994,2884,3.674014696058784,110,2993
4201,21,washing hands,2275,0,5178,4690,9.424488219389726,210,4899
4202,21,washing hands,2275,1,5765,5252,8.898525585429315,296,5547
4203,21,washing hands,2275,2,5939,5450,8.23370937868328,270,5719
4204,21,washing hands,2275,3,5763,5450,5.43119902828388,46,5495
4205,21,washing hands,2275,4,5541,4860,12.29020032485111,318,5177
4206,21,washing hands,2350,1,5379,4716,12.325711098717234,480,5195
4207,21,washing hands,2350,2,5420,4720,12.915129151291513,536,5255
4208,21,washing hands,2350,3,5492,4878,11.179898033503278,428,5305
4209,21,washing hands,2350,4,5527,5028,9.02840600687534,274,5301
4210,21,washing hands,2350,5,5644,5138,8.965272856130404,332,5469
4211,21,washing hands,2397,1,6010,5724,4.758735440931781,138,5861
4212,21,washing hands,2397,2,6003,5854,2.4820922871897384,122,5975
4213,21,washing hands,2397,3,6009,5988,0.34947578632051923,20,6007
4214,21,washing hands,2397,4,6001,5976,0.4165972337943676,10,5985
4215,21,washing hands,2397,5,5996,5932,1.067378252168112,14,5945
4216,21,washing hands,2495,1,5408,4728,12.57396449704142,502,5229
4217,21,washing hands,2495,2,5419,5036,7.067724672448791,192,5227
4218,21,washing hands,2495,3,5510,4644,15.716878402903811,712,5355
4219,21,washing hands,2495,4,5600,4426,20.964285714285715,902,5327
4220,21,washing hands,2495,5,5553,5278,4.952278047902035,150,5427
4221,21,washing hands,2622,1,6123,5196,15.139637432631064,618,5813
4222,21,washing hands,2622,2,5868,4872,16.973415132924334,638,5509
4223,21,washing hands,2622,3,5687,4796,15.667311411992262,604,5399
4224,21,washing hands,2622,4,5996,5006,16.511007338225482,556,5561
4225,21,washing hands,2622,5,6041,5126,15.146498924019202,654,5779
4226,21,washing hands,2660,1,5329,4634,13.041846500281478,474,5107
4227,21,washing hands,2660,2,5121,5000,2.36281976176528,120,5119
4228,21,washing hands,2660,3,5512,5494,0.3265602322206096,0,5493
4229,21,washing hands,2660,4,4992,4902,1.8028846153846154,52,4953
4230,21,washing hands,2660,5,5111,5070,0.8021913519859127,22,5091
4231,21,washing hands,2669,1,5116,4844,5.3166536356528535,54,4897
4232,21,washing hands,2669,2,5178,4536,12.398609501738123,314,4849
4233,21,washing hands,2669,3,5169,5078,1.7604952602050687,58,5135
4234,21,washing hands,2669,4,5418,5320,1.8087855297157622,2,5321
4235,21,washing hands,2669,5,5899,5514,6.526529920325479,364,5877
4236,21,washing hands,272060,1,5910,2542,56.988155668358715,62,2603
4237,21,washing hands,272060,2,6021,2514,58.24613851519681,198,2711
4238,21,washing hands,272060,3,6077,3030,50.13987164719434,158,3187
4239,21,washing hands,272060,4,5984,2532,57.68716577540107,100,2631
4240,21,washing hands,272060,5,6059,2986,50.71794025416735,152,3137
4241,21,washing hands,2723,1,5626,5426,3.5549235691432632,66,5491
4242,21,washing hands,2723,2,6127,5834,4.782111963440509,108,5941
4243,21,washing hands,2723,3,6042,5806,3.9059913935782853,82,5887
4244,21,washing hands,2723,4,6181,5942,3.866688238149167,28,5969
4245,21,washing hands,2723,5,6144,6056,1.4322916666666667,44,6099
4246,21,washing hands,2729,1,5618,2760,50.87219651121396,198,2957
4247,21,washing hands,2729,2,5582,2828,49.33715514152633,186,3013
4248,21,washing hands,2729,3,5664,2402,57.59180790960452,186,2587
4249,21,washing hands,2729,4,5646,2854,49.45093871767623,202,3055
4250,21,washing hands,2729,5,5848,3000,48.700410396716826,296,3295
4251,21,washing hands,2747,1,5132,4762,7.209664848012471,52,4813
4252,21,washing hands,2747,2,5243,4922,6.122448979591836,158,5079
4253,21,washing hands,2747,3,4949,4190,15.336431602343907,462,4651
4254,21,washing hands,2747,4,5143,5004,2.7027027027027026,46,5049
4255,21,washing hands,2747,5,6302,5790,8.124404950809266,362,6151
4256,21,washing hands,3030,1,6130,5712,6.818923327895596,26,5737
4257,21,washing hands,3030,2,6900,6192,10.26086956521739,426,6617
4258,21,washing hands,3030,3,6275,5848,6.804780876494024,204,6051
4259,21,washing hands,3030,4,6283,5636,10.29762852140697,198,5833
4260,21,washing hands,3030,5,6375,5974,6.290196078431372,168,6141
4261,21,washing hands,3245,1,5692,5450,4.251581166549543,172,5621
4262,21,washing hands,3245,2,5712,4368,23.529411764705884,196,4563
4263,21,washing hands,3245,3,5669,4872,14.058916916563767,266,5137
4264,21,washing hands,3245,4,5379,5098,5.224019334448783,150,5247
4265,21,washing hands,3245,5,5279,4692,11.119530214055692,226,4917
4266,22,dusting,2275,0,12613,12086,4.1782288115436454,84,12169
4267,22,dusting,2275,1,12388,12134,2.050371327090733,174,12307
4268,22,dusting,2275,2,11984,11620,3.0373831775700935,44,11663
4269,22,dusting,2275,3,11785,11190,5.048790835808231,196,11385
4270,22,dusting,2275,4,9804,9642,1.6523867809057529,54,9695
4271,22,dusting,2350,1,10614,10448,1.5639721123045034,60,10507
4272,22,dusting,2350,2,10468,10404,0.6113870844478411,8,10411
4273,22,dusting,2350,3,10647,10382,2.488964027425566,168,10549
4274,22,dusting,2350,4,10408,10294,1.0953112990007687,102,10395
4275,22,dusting,2350,5,10669,10512,1.471553097759865,56,10567
4276,22,dusting,2397,1,11977,11510,3.8991400183685396,158,11667
4277,22,dusting,2397,2,12013,11982,0.2580537750769999,28,12009
4278,22,dusting,2397,3,12125,11756,3.043298969072165,84,11839
4279,22,dusting,2397,4,12008,12002,0.049966688874083946,0,12001
4280,22,dusting,2397,5,11958,11850,0.9031610637230306,34,11883
4281,22,dusting,2495,1,10791,10706,0.787693448243907,14,10719
4282,22,dusting,2495,2,10929,10726,1.8574434989477537,44,10769
4283,22,dusting,2495,3,10504,10406,0.9329779131759329,20,10425
4284,22,dusting,2495,4,8945,8624,3.5885969815539407,14,8637
4285,22,dusting,2495,5,10820,10434,3.567467652495379,212,10645
4286,22,dusting,2622,1,12147,11806,2.807277517082407,62,11867
4287,22,dusting,2622,2,12098,11368,6.034055215738139,342,11709
4288,22,dusting,2622,3,12347,11934,3.344942091196242,50,11983
4289,22,dusting,2622,4,12075,11674,3.320910973084886,58,11731
4290,22,dusting,2622,5,12112,11392,5.9445178335535,328,11719
4291,22,dusting,2660,1,11205,10830,3.3467202141900936,94,10923
4292,22,dusting,2660,2,10919,10846,0.6685593918857038,64,10909
4293,22,dusting,2660,3,10442,10322,1.1492051331162612,56,10377
4294,22,dusting,2660,4,10436,10374,0.5940973553085473,42,10415
4295,22,dusting,2660,5,10597,10332,2.5007077474757007,76,10407
4296,22,dusting,2669,1,10899,10650,2.284613267272227,108,10757
4297,22,dusting,2669,2,10622,10592,0.28243268687629447,22,10613
4298,22,dusting,2669,3,11234,11176,0.516289834431191,6,11181
4299,22,dusting,2669,4,11085,10922,1.4704555705908886,18,10939
4300,22,dusting,2669,5,11036,10730,2.7727437477346863,58,10787
4301,22,dusting,272060,1,12146,11490,5.40095504692903,378,11867
4302,22,dusting,272060,2,12431,11424,8.100715952055346,108,11531
4303,22,dusting,272060,3,12202,11842,2.9503360104900835,188,12029
4304,22,dusting,272060,4,12307,11890,3.3883155927520923,62,11951
4305,22,dusting,272060,5,11893,11368,4.414361389052384,420,11787
4306,22,dusting,2723,1,12275,11740,4.358452138492872,142,11881
4307,22,dusting,2723,2,11468,11388,0.6975933031042902,0,11387
4308,22,dusting,2723,3,9843,9772,0.7213247993497918,58,9829
4309,22,dusting,2723,4,10056,9994,0.6165473349244233,38,10031
4310,22,dusting,2723,5,9990,9882,1.0810810810810811,8,9889
4311,22,dusting,2729,1,10983,8442,23.135755258126196,1282,9723
4312,22,dusting,2729,2,10768,9468,12.072808320950966,384,9851
4313,22,dusting,2729,3,10420,9968,4.337811900191938,184,10151
4314,22,dusting,2729,4,10457,9916,5.173567944917281,240,10155
4315,22,dusting,2729,5,10850,9166,15.52073732718894,210,9375
4316,22,dusting,2747,1,10162,10054,1.0627829167486715,26,10079
4317,22,dusting,2747,2,10263,10018,2.3872162135827732,16,10033
4318,22,dusting,2747,3,9689,9624,0.6708638662400661,0,9623
4319,22,dusting,2747,4,9737,9672,0.6675567423230975,28,9699
4320,22,dusting,2747,5,9885,9798,0.8801213960546282,26,9823
4321,22,dusting,3030,1,10553,10342,1.999431441296314,186,10527
4322,22,dusting,3030,2,10556,10310,2.330428192497158,222,10531
4323,22,dusting,3245,1,10940,10642,2.7239488117001827,84,10725
4324,22,dusting,3245,2,10569,9928,6.064906802914183,214,10141
4325,22,dusting,3245,3,11042,10768,2.4814345227313894,118,10885
4326,22,dusting,3245,4,11293,11050,2.151775436110865,60,11109
4327,22,dusting,3245,5,11083,10724,3.239195163764324,68,10791
4328,23,ironing,2275,0,12038,11956,0.6811762751287589,0,11955
4329,23,ironing,2275,1,11499,11464,0.3043742934168189,16,11479
4330,23,ironing,2275,2,12300,12180,0.975609756097561,50,12229
4331,23,ironing,2275,3,12021,12000,0.1746942850012478,20,12019
4332,23,ironing,2275,4,10863,10838,0.23013900395839088,8,10845
4333,23,ironing,2350,1,10354,10204,1.4487154722812439,94,10297
4334,23,ironing,2350,2,10442,9738,6.742003447615399,148,9885
4335,23,ironing,2350,3,10173,10002,1.680920082571513,74,10075
4336,23,ironing,2350,4,10529,10366,1.5481052331655427,62,10427
4337,23,ironing,2350,5,10308,10080,2.2118742724097786,56,10135
4338,23,ironing,2397,1,11995,11904,0.7586494372655272,44,11947
4339,23,ironing,2397,2,12262,11740,4.257054314141249,516,12255
4340,23,ironing,2397,3,12146,11838,2.53581425983863,214,12051
4341,23,ironing,2397,4,12298,11976,2.618311920637502,148,12123
4342,23,ironing,2397,5,11997,11916,0.6751687921980495,56,11971
4343,23,ironing,2495,1,10332,10262,0.6775067750677507,24,10285
4344,23,ironing,2495,2,11332,10768,4.977056124249912,70,10837
4345,23,ironing,2495,3,10404,10112,2.806612841214917,162,10273
4346,23,ironing,2495,4,10509,10250,2.4645541916452562,216,10465
4347,23,ironing,2495,5,10565,10226,3.208707998106957,128,10353
4348,23,ironing,2622,1,12284,12242,0.34190817323347444,42,12283
4349,23,ironing,2622,2,12109,12084,0.2064580064414898,8,12091
4350,23,ironing,2622,3,12381,12324,0.4603828446813666,0,12323
4351,23,ironing,2622,4,12187,12186,0.008205464839583163,0,12185
4352,23,ironing,2622,5,12108,12102,0.049554013875123884,0,12101
4353,23,ironing,2660,1,10494,10384,1.0482180293501049,80,10463
4354,23,ironing,2660,2,10151,10036,1.132893311003842,0,10035
4355,23,ironing,2660,3,9794,9676,1.2048192771084338,2,9677
4356,23,ironing,2660,4,9946,9736,2.1114015684697365,188,9923
4357,23,ironing,2660,5,10081,9894,1.854974704890388,78,9971
4358,23,ironing,2669,1,10085,9938,1.457610312345067,42,9979
4359,23,ironing,2669,2,10699,10562,1.2804935040658005,114,10675
4360,23,ironing,2669,3,10095,10058,0.36651807825656263,8,10065
4361,23,ironing,2669,4,10115,9622,4.873949579831932,176,9797
4362,23,ironing,2669,5,10019,9808,2.1059986026549558,0,9807
4363,23,ironing,272060,1,12296,11834,3.757319453480807,88,11921
4364,23,ironing,272060,2,12144,12064,0.6587615283267457,72,12135
4365,23,ironing,272060,3,11742,10860,7.5114971895758815,622,11481
4366,23,ironing,272060,4,11594,11292,2.604795583922719,96,11387
4367,23,ironing,272060,5,12142,11774,3.030802174271125,146,11919
4368,23,ironing,2723,1,8271,7752,6.27493652520856,302,8053
4369,23,ironing,2723,2,9841,9726,1.1685804288182096,56,9781
4370,23,ironing,2723,3,10086,10006,0.793178663493952,28,10033
4371,23,ironing,2723,4,6416,6230,2.899002493765586,30,6259
4372,23,ironing,2723,5,10007,9762,2.4482861996602376,114,9875
4373,23,ironing,2729,1,10981,10886,0.8651306802659139,94,10979
4374,23,ironing,2729,2,11178,11156,0.1968151726605833,12,11167
4375,23,ironing,2729,3,11532,11302,1.9944502254595906,104,11405
4376,23,ironing,2729,4,11076,10346,6.590827013362224,148,10493
4377,23,ironing,2729,5,11315,10870,3.932832523199293,24,10893
4378,23,ironing,2747,1,10252,10102,1.463129145532579,148,10249
4379,23,ironing,2747,2,10354,9844,4.925632605756229,38,9881
4380,23,ironing,2747,3,10077,9978,0.9824352485858887,28,10005
4381,23,ironing,2747,4,10181,9402,7.651507710441018,6,9407
4382,23,ironing,2747,5,10117,9426,6.830087970742315,0,9425
4383,23,ironing,3245,1,9972,9906,0.6618531889290012,54,9959
4384,23,ironing,3245,2,10152,10142,0.09850275807722617,10,10151
4385,23,ironing,3245,3,9994,9852,1.4208525115069042,0,9851
4386,23,ironing,3245,4,9933,9862,0.7147890868821102,32,9893
4387,23,ironing,3245,5,10074,9980,0.9330950962874727,86,10065
4388,24,washing dishes,2275,0,9982,9694,2.885193348026448,178,9871
4389,24,washing dishes,2275,1,10131,9862,2.6552166617313198,174,10035
4390,24,washing dishes,2275,2,11180,10888,2.6118067978533093,158,11045
4391,24,washing dishes,2275,3,8853,8626,2.5641025641025643,92,8717
4392,24,washing dishes,2275,4,8989,8592,4.416509066637,158,8749
4393,24,washing dishes,2350,1,10646,10088,5.241405222618824,218,10305
4394,24,washing dishes,2350,2,10849,10502,3.1984514701815834,222,10723
4395,24,washing dishes,2350,3,10621,10344,2.6080406741361455,196,10539
4396,24,washing dishes,2350,4,10878,10390,4.486118771833057,94,10483
4397,24,washing dishes,2350,5,10761,10506,2.3696682464454977,40,10545
4398,24,washing dishes,2397,1,12148,11836,2.568324003951268,26,11861
4399,24,washing dishes,2397,2,12197,11982,1.76272853980487,72,12053
4400,24,washing dishes,2397,3,12072,11876,1.6235917826375084,40,11915
4401,24,washing dishes,2397,4,12189,11918,2.2233161046845518,134,12051
4402,24,washing dishes,2397,5,12165,11954,1.7344841759145089,116,12069
4403,24,washing dishes,2495,1,11526,11226,2.6028110359187924,154,11379
4404,24,washing dishes,2495,2,10722,10448,2.5554933781011004,120,10567
4405,24,washing dishes,2495,3,10844,10510,3.0800442641091847,194,10703
4406,24,washing dishes,2495,4,10702,10478,2.0930667165015886,50,10527
4407,24,washing dishes,2495,5,10591,10310,2.653196109904636,174,10483
4408,24,washing dishes,2622,1,12274,11602,5.4749877790451364,294,11895
4409,24,washing dishes,2622,2,11952,11070,7.379518072289157,540,11609
4410,24,washing dishes,2622,3,12254,11914,2.77460421086992,64,11977
4411,24,washing dishes,2622,4,12264,11594,5.463144161774299,400,11993
4412,24,washing dishes,2622,5,12311,12040,2.2012834050848835,270,12309
4413,24,washing dishes,2660,1,10713,10366,3.239055353309064,130,10495
4414,24,washing dishes,2660,2,10320,9492,8.023255813953488,44,9535
4415,24,washing dishes,2660,3,10067,9986,0.8046091189033475,18,10003
4416,24,washing dishes,2660,4,11471,11410,0.531775782407811,60,11469
4417,24,washing dishes,2660,5,10066,9862,2.026624279753626,52,9913
4418,24,washing dishes,2669,1,10327,9884,4.289725961072915,98,9981
4419,24,washing dishes,2669,2,10218,10130,0.8612252887062047,68,10197
4420,24,washing dishes,2669,3,10409,10192,2.0847343644922662,32,10223
4421,24,washing dishes,2669,4,10309,10162,1.425938500339509,68,10229
4422,24,washing dishes,2669,5,10848,10814,0.3134218289085546,22,10835
4423,24,washing dishes,272060,1,11847,11206,5.4106524858614,266,11471
4424,24,washing dishes,272060,2,11825,11060,6.469344608879493,480,11539
4425,24,washing dishes,272060,3,11455,10998,3.9895242252291574,146,11143
4426,24,washing dishes,272060,4,11771,11302,3.9843683629258346,296,11597
4427,24,washing dishes,272060,5,11704,11056,5.536568694463432,512,11567
4428,24,washing dishes,2723,1,11352,10708,5.6730091613812546,124,10831
4429,24,washing dishes,2723,2,11858,11076,6.5947039973014,412,11487
4430,24,washing dishes,2723,3,11601,10588,8.732005861563659,130,10717
4431,24,washing dishes,2723,4,7996,7934,0.7753876938469234,18,7951
4432,24,washing dishes,2723,5,11693,11578,0.9834943983579919,34,11611
4433,24,washing dishes,2729,1,10849,7546,30.445202322794728,482,8027
4434,24,washing dishes,2729,2,10731,8380,21.908489423166525,330,8709
4435,24,washing dishes,2729,3,10569,9398,11.07957233418488,202,9599
4436,24,washing dishes,2729,4,10430,9998,4.14189837008629,268,10265
4437,24,washing dishes,2729,5,10461,8088,22.6842558072842,174,8261
4438,24,washing dishes,2747,1,10044,9582,4.599761051373955,50,9631
4439,24,washing dishes,2747,2,15717,15346,2.360501367945537,310,15655
4440,24,washing dishes,2747,3,10924,10790,1.226656902233614,116,10905
4441,24,washing dishes,2747,4,11539,11378,1.3952682208163618,112,11489
4442,24,washing dishes,2747,5,10976,10760,1.967930029154519,118,10877
4443,24,washing dishes,3245,1,10516,9442,10.213008748573602,222,9663
4444,24,washing dishes,3245,2,10504,10322,1.7326732673267327,136,10457
4445,24,washing dishes,3245,3,10487,9938,5.235052922666158,84,10021
4446,24,washing dishes,3245,4,10600,9980,5.849056603773585,98,10077
4447,24,washing dishes,3245,5,10676,10292,3.59685275384039,162,10453
4448,2,eat meal,2275,0,5839,5750,1.5242336016441171,8,5757
4449,2,eat meal,2275,1,6661,6502,2.3870289746284343,14,6515
4450,2,eat meal,2275,2,5881,5670,3.587825199795953,106,5775
4451,2,eat meal,2275,3,5602,5504,1.7493752231345947,52,5555
4452,2,eat meal,2275,4,6052,6052,0.0,0,6051
4453,2,eat meal,2350,1,5274,5246,0.5309063329541145,26,5271
4454,2,eat meal,2350,2,5237,5150,1.6612564445293108,82,5231
4455,2,eat meal,2350,3,5324,5156,3.1555221637866264,38,5193
4456,2,eat meal,2350,4,5217,5156,1.1692543607437225,38,5193
4457,2,eat meal,2350,5,5126,4992,2.614124073351541,70,5061
4458,2,eat meal,2397,1,6035,5796,3.96023198011599,12,5807
4459,2,eat meal,2397,2,6035,5784,4.15907207953604,12,5795
4460,2,eat meal,2397,3,6040,5938,1.6887417218543046,4,5941
4461,2,eat meal,2397,4,6040,6006,0.5629139072847682,10,6015
4462,2,eat meal,2397,5,6032,5814,3.614058355437666,14,5827
4463,2,eat meal,2495,1,4933,4874,1.196026758564768,22,4895
4464,2,eat meal,2495,2,5077,4832,4.825684459326374,0,4831
4465,2,eat meal,2495,3,5336,5208,2.39880059970015,40,5247
4466,2,eat meal,2495,4,4870,4762,2.217659137577002,18,4779
4467,2,eat meal,2495,5,4997,4798,3.982389433660196,26,4823
4468,2,eat meal,2622,1,5385,5190,3.6211699164345403,60,5249
4469,2,eat meal,2622,2,5445,5250,3.581267217630854,72,5321
4470,2,eat meal,2622,3,5390,5270,2.226345083487941,46,5315
4471,2,eat meal,2622,4,5356,5070,5.339805825242719,0,5069
4472,2,eat meal,2622,5,5322,5056,4.998121007140173,24,5079
4473,2,eat meal,2660,1,5498,5332,3.019279738086577,82,5413
4474,2,eat meal,2660,2,5504,5400,1.8895348837209303,104,5503
4475,2,eat meal,2660,3,5404,5214,3.5159141376757956,0,5213
4476,2,eat meal,2660,4,5570,5426,2.585278276481149,12,5437
4477,2,eat meal,2660,5,5462,5378,1.5378982057854267,18,5395
4478,2,eat meal,2669,1,5074,4926,2.9168309026409145,68,4993
4479,2,eat meal,2669,2,5063,4960,2.0343669761011256,62,5021
4480,2,eat meal,2669,3,5061,5006,1.0867417506421655,32,5037
4481,2,eat meal,2669,4,5033,4806,4.510232465726207,206,5011
4482,2,eat meal,2669,5,5027,4906,2.4070021881838075,22,4927
4483,2,eat meal,272060,1,6405,6192,3.3255269320843093,74,6265
4484,2,eat meal,272060,2,6421,5950,7.335306027098583,302,6251
4485,2,eat meal,272060,3,6176,5834,5.537564766839378,90,5923
4486,2,eat meal,272060,4,6817,6162,9.608332110899223,470,6631
4487,2,eat meal,272060,5,6389,6162,3.552981687275004,54,6215
4488,2,eat meal,2723,1,6061,6054,0.11549249298795579,6,6059
4489,2,eat meal,2723,2,6109,6100,0.1473236208872156,8,6107
4490,2,eat meal,2723,3,6339,6258,1.2778040700425934,8,6265
4491,2,eat meal,2723,4,5925,5912,0.21940928270042195,12,5923
4492,2,eat meal,2723,5,6758,6758,0.0,0,6757
4493,2,eat meal,2729,1,5820,5274,9.381443298969073,258,5531
4494,2,eat meal,2729,2,5336,4962,7.008995502248876,214,5175
4495,2,eat meal,2729,3,5406,5100,5.660377358490566,140,5239
4496,2,eat meal,2729,4,5986,5748,3.9759438690277316,152,5899
4497,2,eat meal,2729,5,5682,5270,7.250967969024991,284,5553
4498,2,eat meal,2747,1,4743,4682,1.2861058401855365,60,4741
4499,2,eat meal,2747,2,5218,5112,2.0314296665389038,32,5143
4500,2,eat meal,2747,3,5605,5430,3.1222123104371096,78,5507
4501,2,eat meal,2747,4,5234,4862,7.107374856706152,116,4977
4502,2,eat meal,2747,5,5088,4898,3.7342767295597485,16,4913
4503,2,eat meal,3245,1,6056,5956,1.6512549537648613,32,5987
4504,2,eat meal,3245,2,6049,5576,7.8194742932716155,162,5737
4505,2,eat meal,3245,3,6047,5986,1.0087646766991898,22,6007
4506,2,eat meal,3245,4,6068,5982,1.4172709294660515,4,5985
4507,2,eat meal,3245,5,6088,5800,4.730617608409987,88,5887
4508,3,open a bottle,2275,0,2853,2468,13.494567122327375,58,2525
4509,3,open a bottle,2275,1,2835,2714,4.268077601410935,42,2755
4510,3,open a bottle,2275,2,3060,2724,10.980392156862745,136,2859
4511,3,open a bottle,2275,3,2693,2518,6.498329001114,62,2579
4512,3,open a bottle,2275,4,3038,2732,10.072416063199473,38,2769
4513,3,open a bottle,2350,1,2554,2392,6.3429913860610805,50,2441
4514,3,open a bottle,2350,2,2539,2278,10.279637652619142,32,2309
4515,3,open a bottle,2350,3,2644,2388,9.68229954614221,86,2473
4516,3,open a bottle,2350,4,2535,2340,7.6923076923076925,62,2401
4517,3,open a bottle,2350,5,2537,2502,1.3795821836815136,30,2531
4518,3,open a bottle,2397,1,3004,2892,3.728362183754993,64,2955
4519,3,open a bottle,2397,2,3038,2940,3.225806451612903,88,3027
4520,3,open a bottle,2397,3,3111,2976,4.339440694310511,122,3097
4521,3,open a bottle,2397,4,3105,3018,2.8019323671497585,10,3027
4522,3,open a bottle,2397,5,3039,2884,5.100361961171438,90,2973
4523,3,open a bottle,2495,1,2685,2582,3.836126629422719,64,2645
4524,3,open a bottle,2495,2,2868,2684,6.4156206415620645,94,2777
4525,3,open a bottle,2495,3,2685,2418,9.94413407821229,136,2553
4526,3,open a bottle,2495,4,2768,2348,15.173410404624278,132,2479
4527,3,open a bottle,2495,5,5581,5352,4.103207310517829,96,5447
4528,3,open a bottle,2622,1,2852,2460,13.744740532959327,202,2661
4529,3,open a bottle,2622,2,3358,3138,6.551518761167362,54,3191
4530,3,open a bottle,2622,3,3329,3080,7.479723640732953,74,3153
4531,3,open a bottle,2622,4,3441,3046,11.479221156640511,138,3183
4532,3,open a bottle,2622,5,3092,2882,6.791720569210867,62,2943
4533,3,open a bottle,2660,1,2688,2532,5.803571428571429,46,2577
4534,3,open a bottle,2660,2,2647,2390,9.709104646769928,50,2439
4535,3,open a bottle,2660,3,2586,2368,8.43000773395205,48,2415
4536,3,open a bottle,2660,4,2632,2522,4.179331306990881,36,2557
4537,3,open a bottle,2660,5,2784,2730,1.9396551724137931,52,2781
4538,3,open a bottle,2669,1,2764,2524,8.683068017366136,36,2559
4539,3,open a bottle,2669,2,2491,2430,2.448815736651947,52,2481
4540,3,open a bottle,2669,3,2491,2244,9.915696507426736,0,2243
4541,3,open a bottle,2669,4,2481,2410,2.8617492946392584,14,2423
4542,3,open a bottle,2669,5,2540,2348,7.559055118110236,26,2373
4543,3,open a bottle,272060,1,3431,2950,14.019236374234916,60,3009
4544,3,open a bottle,272060,2,3507,2834,19.19019104647847,200,3033
4545,3,open a bottle,272060,3,3420,3110,9.064327485380117,158,3267
4546,3,open a bottle,272060,4,3432,3056,10.955710955710956,142,3197
4547,3,open a bottle,272060,5,3092,2796,9.573091849935317,44,2839
4548,3,open a bottle,2723,1,3305,3178,3.842662632375189,52,3229
4549,3,open a bottle,2723,2,1192,1070,10.234899328859061,6,1075
4550,3,open a bottle,2723,3,1515,1370,9.570957095709572,96,1465
4551,3,open a bottle,2723,4,1168,1018,12.842465753424657,82,1099
4552,3,open a bottle,2723,5,1074,852,20.670391061452513,90,941
4553,3,open a bottle,2729,1,3181,2802,11.914492298019491,218,3019
4554,3,open a bottle,2729,2,3157,2702,14.412416851441241,236,2937
4555,3,open a bottle,2729,3,3197,2938,8.101345010947764,138,3075
4556,3,open a bottle,2729,4,3141,2856,9.073543457497612,158,3013
4557,3,open a bottle,2729,5,3153,2842,9.863621947351728,144,2985
4558,3,open a bottle,2747,1,3831,3614,5.664317410597755,14,3627
4559,3,open a bottle,2747,2,2709,2220,18.05094130675526,108,2327
4560,3,open a bottle,2747,3,3208,2518,21.508728179551124,116,2633
4561,3,open a bottle,2747,4,2645,2550,3.5916824196597354,44,2593
4562,3,open a bottle,2747,5,4797,4212,12.195121951219512,84,4295
4563,3,open a bottle,3245,1,3100,2820,9.03225806451613,168,2987
4564,3,open a bottle,3245,2,3038,2860,5.859117840684661,24,2883
4565,3,open a bottle,3245,3,3081,2936,4.706264199935086,44,2979
4566,3,open a bottle,3245,4,3019,2744,9.1089764822789,96,2839
4567,3,open a bottle,3245,5,3009,2578,14.323695579926886,186,2763
4568,4,open a box,2275,0,2754,2388,13.289760348583878,234,2621
4569,4,open a box,2275,1,2674,2510,6.133133881824981,82,2591
4570,4,open a box,2275,2,3013,2884,4.281447062728178,42,2925
4571,4,open a box,2275,3,2833,2420,14.578185668902224,100,2519
4572,4,open a box,2275,4,2605,2286,12.245681381957773,128,2413
4573,4,open a box,2350,1,2707,2168,19.9113409678611,206,2373
4574,4,open a box,2350,2,2536,2514,0.8675078864353313,20,2533
4575,4,open a box,2350,3,2642,2330,11.809235427706284,106,2435
4576,4,open a box,2350,4,2592,2122,18.132716049382715,120,2241
4577,4,open a box,2350,5,2622,2438,7.017543859649122,66,2503
4578,4,open a box,2397,1,3047,2972,2.461437479488021,58,3029
4579,4,open a box,2397,2,3041,2852,6.215060835251562,170,3021
4580,4,open a box,2397,3,3040,2924,3.8157894736842106,76,2999
4581,4,open a box,2397,4,3041,2900,4.636632686616244,84,2983
4582,4,open a box,2397,5,3047,2884,5.349524122087299,2,2885
4583,4,open a box,2495,1,2991,2646,11.534603811434303,224,2869
4584,4,open a box,2495,2,4109,3826,6.887320515940618,166,3991
4585,4,open a box,2495,3,4103,3904,4.850109675846941,36,3939
4586,4,open a box,2495,4,7264,7092,2.36784140969163,52,7143
4587,4,open a box,2495,5,3701,3400,8.132937044042151,80,3479
4588,4,open a box,2622,1,2901,2714,6.446053085143054,16,2729
4589,4,open a box,2622,2,3334,3208,3.779244151169766,80,3287
4590,4,open a box,2622,3,2903,2606,10.230795728556666,30,2635
4591,4,open a box,2622,4,3310,3270,1.2084592145015105,0,3269
4592,4,open a box,2622,5,2695,2414,10.426716141001855,114,2527
4593,4,open a box,2660,1,2624,2550,2.8201219512195124,22,2571
4594,4,open a box,2660,2,2638,2562,2.8809704321455647,54,2615
4595,4,open a box,2660,3,2632,2402,8.738601823708207,68,2469
4596,4,open a box,2660,4,2659,2618,1.5419330575404286,12,2629
4597,4,open a box,2660,5,2661,2510,5.67455843667794,76,2585
4598,4,open a box,2669,1,2554,2132,16.523101018010962,366,2497
4599,4,open a box,2669,2,2563,2406,6.125634022629731,96,2501
4600,4,open a box,2669,3,2822,2662,5.669737774627923,54,2715
4601,4,open a box,2669,4,2591,2150,17.02045542261675,112,2261
4602,4,open a box,2669,5,2530,2406,4.901185770750988,76,2481
4603,4,open a box,272060,1,3197,2932,8.289020957147326,96,3027
4604,4,open a box,272060,2,3427,3184,7.090749927049898,100,3283
4605,4,open a box,272060,3,3301,2908,11.905483186913056,172,3079
4606,4,open a box,272060,4,3266,2798,14.329454990814451,104,2901
4607,4,open a box,272060,5,3483,3134,10.020097616996841,20,3153
4608,4,open a box,2723,1,690,504,26.956521739130434,40,543
4609,4,open a box,2723,2,560,436,22.142857142857142,56,491
4610,4,open a box,2723,3,746,426,42.89544235924933,100,525
4611,4,open a box,2723,4,1427,956,33.00630693763139,86,1041
4612,4,open a box,2723,5,565,162,71.32743362831859,86,247
4613,4,open a box,2729,1,3040,2526,16.907894736842106,174,2699
4614,4,open a box,2729,2,3048,2474,18.832020997375327,214,2687
4615,4,open a box,2729,3,3023,2524,16.506781343036717,214,2737
4616,4,open a box,2729,4,3287,2942,10.495892911469426,260,3201
4617,4,open a box,2729,5,3363,3054,9.18822479928635,160,3213
4618,4,open a box,2747,1,2605,2066,20.690978886756238,62,2127
4619,4,open a box,2747,2,2512,2162,13.933121019108281,160,2321
4620,4,open a box,2747,3,2529,2250,11.03202846975089,178,2427
4621,4,open a box,2747,4,2855,2130,25.394045534150614,16,2145
4622,4,open a box,2747,5,3040,2742,9.802631578947368,114,2855
4623,4,open a box,3245,1,2988,2788,6.693440428380187,82,2869
4624,4,open a box,3245,2,2644,2568,2.8744326777609683,26,2593
4625,4,open a box,3245,3,2773,2670,3.714388748647674,0,2669
4626,4,open a box,3245,4,3203,3082,3.777708398376522,112,3193
4627,4,open a box,3245,5,2605,2432,6.641074856046065,172,2603
4628,5,brush teeth,2275,0,2538,1918,24.42868400315209,540,2457
4629,5,brush teeth,2275,1,5358,5288,1.3064576334453155,36,5323
4630,5,brush teeth,2275,2,4905,4854,1.039755351681957,50,4903
4631,5,brush teeth,2275,3,5239,5212,0.5153655277724757,18,5229
4632,5,brush teeth,2275,4,5304,5210,1.7722473604826545,44,5253
4633,5,brush teeth,2350,1,6065,5774,4.798021434460017,78,5851
4634,5,brush teeth,2350,2,6065,5664,6.611706512778236,104,5767
4635,5,brush teeth,2350,3,6086,5866,3.614853762734144,56,5921
4636,5,brush teeth,2350,4,6090,6034,0.9195402298850575,48,6081
4637,5,brush teeth,2350,5,6003,5948,0.9162085623854739,0,5947
4638,5,brush teeth,2397,1,6033,5910,2.038786673296867,108,6017
4639,5,brush teeth,2397,2,6131,5894,3.865601043875387,72,5965
4640,5,brush teeth,2397,3,6030,5684,5.737976782752902,32,5715
4641,5,brush teeth,2397,4,6017,5922,1.5788598969586172,74,5995
4642,5,brush teeth,2397,5,6044,5636,6.750496360026473,398,6033
4643,5,brush teeth,2495,1,5466,4736,13.355287230150019,84,4819
4644,5,brush teeth,2495,2,5512,5428,1.5239477503628447,84,5511
4645,5,brush teeth,2495,3,5958,5820,2.3162134944612287,110,5929
4646,5,brush teeth,2495,4,5740,5622,2.0557491289198606,8,5629
4647,5,brush teeth,2495,5,5592,5408,3.290414878397711,68,5475
4648,5,brush teeth,2622,1,6183,5988,3.153808830664726,174,6161
4649,5,brush teeth,2622,2,6120,5932,3.0718954248366015,72,6003
4650,5,brush teeth,2622,3,6094,5998,1.5753199868723335,86,6083
4651,5,brush teeth,2622,4,6209,5990,3.527138025446932,80,6069
4652,5,brush teeth,2622,5,6068,5892,2.9004614370468027,176,6067
4653,5,brush teeth,2660,1,5368,5238,2.421758569299553,36,5273
4654,5,brush teeth,2660,2,5212,5060,2.916346891788181,48,5107
4655,5,brush teeth,2660,3,5303,5258,0.848576277578729,42,5299
4656,5,brush teeth,2660,4,5570,5452,2.118491921005386,74,5525
4657,5,brush teeth,2660,5,5488,5110,6.887755102040816,60,5169
4658,5,brush teeth,2669,1,5490,5410,1.4571948998178506,80,5489
4659,5,brush teeth,2669,2,5692,5496,3.443429374560787,132,5627
4660,5,brush teeth,2669,3,5489,5312,3.2246310803425033,84,5395
4661,5,brush teeth,2669,4,5565,5338,4.07906558849955,202,5539
4662,5,brush teeth,2669,5,5375,4976,7.423255813953489,346,5321
4663,5,brush teeth,272060,1,6172,5692,7.777057679844459,292,5983
4664,5,brush teeth,272060,2,6161,5800,5.8594384028566795,144,5943
4665,5,brush teeth,272060,3,6624,5936,10.38647342995169,456,6391
4666,5,brush teeth,272060,4,6370,5932,6.875981161695448,230,6161
4667,5,brush teeth,272060,5,6489,5760,11.234396671289876,378,6137
4668,5,brush teeth,2723,1,5333,5102,4.3315207200450025,26,5127
4669,5,brush teeth,2723,2,5810,5418,6.746987951807229,88,5505
4670,5,brush teeth,2723,3,6031,5802,3.797048582324656,88,5889
4671,5,brush teeth,2723,4,5638,5388,4.434196523589925,64,5451
4672,5,brush teeth,2723,5,5885,5526,6.100254885301614,160,5685
4673,5,brush teeth,2729,1,6296,5530,12.166454891994917,210,5739
4674,5,brush teeth,2729,2,6230,5754,7.640449438202247,216,5969
4675,5,brush teeth,2729,3,6108,5474,10.379829731499672,146,5619
4676,5,brush teeth,2729,4,6188,5576,9.89010989010989,176,5751
4677,5,brush teeth,2729,5,6223,5554,10.750441909047083,234,5787
4678,5,brush teeth,2747,1,5340,4986,6.629213483146067,136,5121
4679,5,brush teeth,2747,2,5300,5212,1.6603773584905661,50,5261
4680,5,brush teeth,2747,3,5359,5168,3.564097779436462,64,5231
4681,5,brush teeth,2747,4,5337,5218,2.2297170695147086,32,5249
4682,5,brush teeth,2747,5,5244,4984,4.958047292143402,226,5209
4683,5,brush teeth,3245,1,6020,5860,2.6578073089700998,136,5995
4684,5,brush teeth,3245,2,6101,6092,0.14751680052450417,0,6091
4685,5,brush teeth,3245,3,5616,5458,2.8133903133903133,132,5589
4686,5,brush teeth,3245,4,6021,6004,0.2823451253944527,0,6003
4687,5,brush teeth,3245,5,6044,5962,1.356717405691595,82,6043
4688,6,brush hair,2275,0,5137,4902,4.574654467588086,86,4987
4689,6,brush hair,2275,1,5052,5010,0.831353919239905,14,5023
4690,6,brush hair,2275,2,5109,4846,5.147778430221178,130,4975
4691,6,brush hair,2275,3,5548,5496,0.9372746935832732,24,5519
4692,6,brush hair,2275,4,5128,4800,6.396255850234009,140,4939
4693,6,brush hair,2350,1,5786,5636,2.5924645696508812,124,5759
4694,6,brush hair,2350,2,5361,5094,4.98041410184667,206,5299
4695,6,brush hair,2350,3,5452,5006,8.18048422597212,442,5447
4696,6,brush hair,2350,4,5576,5354,3.981348637015782,182,5535
4697,6,brush hair,2350,5,5683,5414,4.733415449586486,126,5539
4698,6,brush hair,2397,1,6063,5882,2.9853207982846777,26,5907
4699,6,brush hair,2397,2,5953,5870,1.394254997480262,8,5877
4700,6,brush hair,2397,3,6042,6014,0.4634227077126779,20,6033
4701,6,brush hair,2397,4,6042,5912,2.1516054286660045,88,5999
4702,6,brush hair,2397,5,6005,5742,4.379683597002498,86,5827
4703,6,brush hair,2495,1,6088,5890,3.252299605781866,0,5889
4704,6,brush hair,2495,2,5439,5154,5.239933811362383,0,5153
4705,6,brush hair,2495,3,5488,5212,5.029154518950437,14,5225
4706,6,brush hair,2495,4,5238,5168,1.3363879343260787,38,5205
4707,6,brush hair,2495,5,5345,5306,0.7296538821328344,24,5329
4708,6,brush hair,2622,1,6122,5922,3.266906239790918,98,6019
4709,6,brush hair,2622,2,6177,5696,7.786951594625223,226,5921
4710,6,brush hair,2622,3,5221,4846,7.182532081976633,136,4981
4711,6,brush hair,2622,4,5237,4858,7.236967729616192,140,4997
4712,6,brush hair,2622,5,5237,4994,4.640061103685316,140,5133
4713,6,brush hair,2660,1,5344,5038,5.726047904191617,132,5169
4714,6,brush hair,2660,2,5299,5182,2.2079637667484433,78,5259
4715,6,brush hair,2660,3,5292,4934,6.764928193499622,96,5029
4716,6,brush hair,2660,4,5392,5326,1.2240356083086052,20,5345
4717,6,brush hair,2660,5,5392,5098,5.4525222551928785,36,5133
4718,6,brush hair,2669,1,5364,5142,4.138702460850112,52,5193
4719,6,brush hair,2669,2,5272,5044,4.324734446130501,148,5191
4720,6,brush hair,2669,3,5200,4956,4.6923076923076925,84,5039
4721,6,brush hair,2669,4,5094,4920,3.415783274440518,32,4951
4722,6,brush hair,2669,5,5118,4880,4.650254005470887,206,5085
4723,6,brush hair,272060,1,6137,5782,5.784585302264951,156,5937
4724,6,brush hair,272060,2,6176,5868,4.987046632124352,104,5971
4725,6,brush hair,272060,3,6462,5960,7.768492726709997,278,6237
4726,6,brush hair,272060,4,6168,5866,4.896238651102465,132,5997
4727,6,brush hair,272060,5,6433,5922,7.943416757344941,194,6115
4728,6,brush hair,2723,1,3537,3378,4.495335029686175,0,3377
4729,6,brush hair,2723,2,2202,2066,6.176203451407811,68,2133
4730,6,brush hair,2723,3,1928,1848,4.149377593360996,40,1887
4731,6,brush hair,2723,4,1543,1438,6.8049254698639015,10,1447
4732,6,brush hair,2723,5,1361,1236,9.184423218221896,46,1281
4733,6,brush hair,2729,1,6281,6068,3.3911797484476995,150,6217
4734,6,brush hair,2729,2,5867,5488,6.459860235213909,174,5661
4735,6,brush hair,2729,3,5857,5628,3.9098514597917022,110,5737
4736,6,brush hair,2729,4,5715,5444,4.741907261592301,186,5629
4737,6,brush hair,2729,5,5673,5428,4.318702626476291,244,5671
4738,6,brush hair,2747,1,5100,5094,0.11764705882352941,6,5099
4739,6,brush hair,2747,2,5012,4994,0.35913806863527536,12,5005
4740,6,brush hair,2747,3,5506,5456,0.9081002542680712,16,5471
4741,6,brush hair,2747,4,4973,4892,1.628795495676654,22,4913
4742,6,brush hair,2747,5,5018,4826,3.826225587883619,14,4839
4743,6,brush hair,3030,1,5829,5754,1.2866700977869274,64,5817
4744,6,brush hair,3030,2,5949,5756,3.2442427298705665,156,5911
4745,6,brush hair,3030,3,6093,5902,3.1347447891022484,112,6013
4746,6,brush hair,3030,4,6468,6316,2.350030921459493,76,6391
4747,6,brush hair,3030,5,6343,6162,2.853539334699669,22,6183
4748,6,brush hair,3245,1,6186,5922,4.267701260911736,80,6001
4749,6,brush hair,3245,2,5998,5820,2.9676558852950983,42,5861
4750,6,brush hair,3245,3,5894,5724,2.8842891075670174,10,5733
4751,6,brush hair,3245,4,5899,5846,0.8984573656551958,22,5867
4752,6,brush hair,3245,5,6066,5860,3.395977579953841,34,5893
4753,7,take off jacket,2275,0,2401,2374,1.1245314452311537,2,2375
4754,7,take off jacket,2275,1,2945,2860,2.8862478777589136,46,2905
4755,7,take off jacket,2275,2,2598,2538,2.3094688221709005,10,2547
4756,7,take off jacket,2275,3,2728,2678,1.8328445747800586,40,2717
4757,7,take off jacket,2275,4,3072,2964,3.515625,14,2977
4758,7,take off jacket,2350,1,2958,2694,8.924949290060852,192,2885
4759,7,take off jacket,2350,2,2736,2350,14.108187134502923,214,2563
4760,7,take off jacket,2350,3,2756,1856,32.65602322206096,862,2717
4761,7,take off jacket,2350,4,2838,2034,28.32980972515856,748,2781
4762,7,take off jacket,2350,5,2910,1794,38.350515463917525,1100,2893
4763,7,take off jacket,2397,1,3157,3072,2.6924295216978145,40,3111
4764,7,take off jacket,2397,2,3235,3154,2.5038639876352398,20,3173
4765,7,take off jacket,2397,3,3041,2982,1.9401512660309108,48,3029
4766,7,take off jacket,2397,4,3142,3092,1.5913430935709738,48,3139
4767,7,take off jacket,2397,5,3075,2612,15.05691056910569,370,2981
4768,7,take off jacket,2495,1,3199,2822,11.784932791497344,64,2885
4769,7,take off jacket,2495,2,3173,2706,14.71793255594075,46,2751
4770,7,take off jacket,2495,3,2991,2856,4.513540621865597,54,2909
4771,7,take off jacket,2495,4,3144,2990,4.89821882951654,40,3029
4772,7,take off jacket,2495,5,2832,2774,2.0480225988700567,0,2773
4774,7,take off jacket,2622,2,2173,1338,38.426138978370915,834,2171
4775,7,take off jacket,2622,3,2935,1896,35.40034071550256,200,2095
4776,7,take off jacket,2622,4,3052,2120,30.53735255570118,118,2237
4777,7,take off jacket,2622,5,2123,1932,8.996702779086199,136,2067
4778,7,take off jacket,2660,1,2644,1956,26.021180030257185,66,2021
4779,7,take off jacket,2660,2,2767,1600,42.175641488977234,84,1683
4780,7,take off jacket,2660,3,2665,2560,3.9399624765478425,40,2599
4781,7,take off jacket,2660,4,2628,2082,20.77625570776256,76,2157
4782,7,take off jacket,2660,5,2603,2208,15.17479830964272,20,2227
4783,7,take off jacket,2669,1,2568,1964,23.5202492211838,90,2053
4784,7,take off jacket,2669,2,2607,2036,21.902570003835827,146,2181
4785,7,take off jacket,2669,3,2630,2118,19.46768060836502,82,2199
4786,7,take off jacket,2669,4,2726,1594,41.52604548789435,62,1655
4787,7,take off jacket,2669,5,2666,2018,24.306076519129782,78,2095
4788,7,take off jacket,272060,1,3350,2466,26.388059701492537,294,2759
4789,7,take off jacket,272060,2,3364,2896,13.912009512485136,36,2931
4790,7,take off jacket,272060,3,3139,2466,21.439949028352977,90,2555
4791,7,take off jacket,272060,4,3204,2870,10.424469413233458,44,2913
4792,7,take off jacket,272060,5,3523,3026,14.107294919103037,216,3241
4793,7,take off jacket,2723,1,609,354,41.87192118226601,148,501
4794,7,take off jacket,2723,2,580,340,41.37931034482759,112,451
4795,7,take off jacket,2723,3,615,344,44.0650406504065,86,429
4796,7,take off jacket,2723,4,446,162,63.67713004484305,80,241
4797,7,take off jacket,2723,5,505,326,35.445544554455445,76,401
4798,7,take off jacket,2729,1,2770,1218,56.02888086642599,196,1413
4799,7,take off jacket,2729,2,3327,3126,6.0414788097385035,148,3273
4800,7,take off jacket,2729,3,2992,1130,62.23262032085562,162,1291
4801,7,take off jacket,2729,4,3076,1252,59.29778933680104,202,1453
4802,7,take off jacket,2729,5,3137,1184,62.25693337583679,122,1305
4803,7,take off jacket,2747,1,2668,2592,2.848575712143928,12,2603
4804,7,take off jacket,2747,2,2524,2266,10.221870047543582,106,2371
4805,7,take off jacket,2747,3,2622,2472,5.720823798627002,8,2479
4806,7,take off jacket,2747,4,2660,2444,8.1203007518797,12,2455
4807,7,take off jacket,2747,5,2525,1998,20.871287128712872,96,2093
4808,7,take off jacket,3030,1,9887,9390,5.026802872458784,200,9589
4809,7,take off jacket,3030,2,4289,3908,8.883189554674749,60,3967
4810,7,take off jacket,3030,3,4160,3750,9.85576923076923,120,3869
4811,7,take off jacket,3030,4,6249,5810,7.025124019843175,126,5935
4812,7,take off jacket,3030,5,3296,2868,12.985436893203884,214,3081
4813,7,take off jacket,3245,1,2976,1986,33.266129032258064,132,2117
4814,7,take off jacket,3245,2,2877,2238,22.21063607924922,454,2691
4815,7,take off jacket,3245,3,2908,1994,31.43053645116919,192,2185
4816,7,take off jacket,3245,4,2861,2066,27.78748689269486,412,2477
4817,7,take off jacket,3245,5,2788,2098,24.748923959827835,314,2411
4818,8,put on jacket,2275,0,2830,2774,1.9787985865724382,0,2773
4819,8,put on jacket,2275,1,2146,1974,8.014911463187325,92,2065
4820,8,put on jacket,2275,2,2727,2622,3.8503850385038505,36,2657
4821,8,put on jacket,2275,3,2684,2510,6.482861400894188,126,2635
4822,8,put on jacket,2275,4,2859,2794,2.273522210563134,2,2795
4823,8,put on jacket,2350,1,3035,2820,7.0840197693574956,68,2887
4824,8,put on jacket,2350,2,3251,2960,8.951091971701015,278,3237
4825,8,put on jacket,2350,3,3031,2782,8.215110524579346,136,2917
4826,8,put on jacket,2350,4,2934,2082,29.038854805725972,94,2175
4827,8,put on jacket,2350,5,3110,2784,10.482315112540192,302,3085
4828,8,put on jacket,2397,1,3039,2306,24.11977624218493,32,2337
4829,8,put on jacket,2397,2,3050,1992,34.68852459016394,58,2049
4830,8,put on jacket,2397,3,3044,2306,24.244415243101184,26,2331
4831,8,put on jacket,2397,4,3037,2206,27.362528811326968,8,2213
4832,8,put on jacket,2397,5,3032,2530,16.556728232189975,28,2557
4833,8,put on jacket,2495,1,6087,5746,5.602102842122556,184,5929
4834,8,put on jacket,2495,2,6215,6022,3.1053901850362027,44,6065
4835,8,put on jacket,2495,3,5815,5618,3.3877901977644025,32,5649
4836,8,put on jacket,2495,4,5912,5716,3.315290933694181,56,5771
4837,8,put on jacket,2495,5,6048,5902,2.414021164021164,38,5939
4843,8,put on jacket,2660,1,2761,1814,34.29916696848968,84,1897
4844,8,put on jacket,2660,2,2642,1986,24.829674489023468,80,2065
4845,8,put on jacket,2660,3,2658,2102,20.91798344620015,92,2193
4846,8,put on jacket,2660,4,2688,1918,28.645833333333332,88,2005
4847,8,put on jacket,2660,5,2693,2012,25.287783141477906,130,2141
4848,8,put on jacket,2669,1,2638,2124,19.48445792266869,118,2241
4849,8,put on jacket,2669,2,2701,2460,8.922621251388374,88,2547
4850,8,put on jacket,2669,3,2644,2248,14.97730711043873,194,2441
4851,8,put on jacket,2669,4,2693,2376,11.771258819160787,32,2407
4852,8,put on jacket,2669,5,2736,2544,7.017543859649122,142,2685
4853,8,put on jacket,272060,1,3131,2616,16.44841903545193,96,2711
4854,8,put on jacket,272060,2,3215,2800,12.908242612752721,98,2897
4855,8,put on jacket,272060,3,3126,2716,13.115802943058222,176,2891
4856,8,put on jacket,272060,4,3337,2862,14.23434222355409,222,3083
4857,8,put on jacket,272060,5,3194,2550,20.162805259862242,212,2761
4858,8,put on jacket,2723,1,477,276,42.138364779874216,114,389
4859,8,put on jacket,2723,2,571,370,35.20140105078809,52,421
4860,8,put on jacket,2723,3,710,510,28.169014084507044,42,551
4861,8,put on jacket,2723,4,686,490,28.571428571428573,140,629
4862,8,put on jacket,2723,5,745,538,27.78523489932886,94,631
4863,8,put on jacket,2729,1,2906,1606,44.73503097040606,154,1759
4864,8,put on jacket,2729,2,3009,1970,34.52974410103024,418,2387
4865,8,put on jacket,2729,3,2868,1574,45.11854951185495,212,1785
4866,8,put on jacket,2729,4,3828,1910,50.10449320794148,134,2043
4867,8,put on jacket,2729,5,3107,1606,48.31026713871902,348,1953
4868,8,put on jacket,2747,1,2961,2748,7.193515704154002,80,2827
4869,8,put on jacket,2747,2,3396,3306,2.65017667844523,50,3355
4870,8,put on jacket,2747,3,2871,2702,5.886450714036921,90,2791
4871,8,put on jacket,2747,4,2796,2628,6.008583690987124,88,2715
4872,8,put on jacket,2747,5,2768,2582,6.719653179190751,56,2637
4873,8,put on jacket,3030,1,2998,2504,16.47765176784523,324,2827
4874,8,put on jacket,3030,2,3105,2622,15.555555555555555,366,2987
4875,8,put on jacket,3030,3,3323,3082,7.252482696358712,0,3081
4876,8,put on jacket,3030,4,3153,2754,12.654614652711704,178,2931
4877,8,put on jacket,3030,5,9972,9706,2.6674689129562776,14,9719
4878,8,put on jacket,3245,1,2887,2564,11.188084516799446,88,2651
4879,8,put on jacket,3245,2,2924,2500,14.500683994528044,108,2607
4880,8,put on jacket,3245,3,2876,2554,11.196105702364395,82,2635
4881,8,put on jacket,3245,4,2767,2602,5.963136971449223,40,2641
4882,8,put on jacket,3245,5,2827,2420,14.396887159533074,32,2451
4883,9,put on shoe,2275,0,2862,2282,20.26554856743536,290,2571
4884,9,put on shoe,2275,1,2507,2130,15.037893897088153,256,2385
4885,9,put on shoe,2275,2,2484,1790,27.938808373590984,492,2281
4886,9,put on shoe,2275,3,2569,1954,23.93927598287271,356,2309
4887,9,put on shoe,2275,4,2267,1762,22.27613586237318,260,2021
4888,9,put on shoe,2350,1,2849,2476,13.092313092313093,102,2577
4889,9,put on shoe,2350,2,2967,2612,11.9649477586788,278,2889
4890,9,put on shoe,2350,3,2849,2726,4.317304317304317,88,2813
4891,9,put on shoe,2350,4,2867,2752,4.011161492849669,104,2855
4892,9,put on shoe,2350,5,2876,2698,6.189151599443671,100,2797
4893,9,put on shoe,2397,1,3277,2766,15.593530668294171,232,2997
4894,9,put on shoe,2397,2,3042,2432,20.0525969756739,594,3025
4895,9,put on shoe,2397,3,3118,2418,22.450288646568314,646,3063
4896,9,put on shoe,2397,4,3019,2468,18.251076515402453,532,2999
4897,9,put on shoe,2397,5,3083,2328,24.489133960428155,668,2995
4898,9,put on shoe,2495,1,2972,2464,17.092866756393,246,2709
4899,9,put on shoe,2495,2,2807,2494,11.150694691841824,104,2597
4900,9,put on shoe,2495,3,2642,2250,14.837244511733536,160,2409
4901,9,put on shoe,2495,4,2636,2338,11.305007587253414,190,2527
4902,9,put on shoe,2495,5,2573,2320,9.832879906723669,0,2319
4908,9,put on shoe,2660,1,2578,1646,36.152055857253686,50,1695
4909,9,put on shoe,2660,2,2699,1310,51.46350500185254,144,1453
4910,9,put on shoe,2660,3,2711,1908,29.62006639616378,158,2065
4911,9,put on shoe,2660,4,2657,2270,14.565299209634926,2,2271
4912,9,put on shoe,2660,5,2658,2396,9.857035364936042,184,2579
4913,9,put on shoe,2669,1,2704,1626,39.866863905325445,196,1821
4914,9,put on shoe,2669,2,2632,1564,40.577507598784194,232,1795
4915,9,put on shoe,2669,3,2644,2420,8.472012102874432,166,2585
4916,9,put on shoe,2669,4,2571,2056,20.031116297160636,170,2225
4917,9,put on shoe,2669,5,2884,1936,32.87101248266297,200,2135
4918,9,put on shoe,272060,1,3239,2814,13.12133374498302,360,3173
4919,9,put on shoe,272060,2,2944,1122,61.88858695652174,922,2043
4920,9,put on shoe,272060,3,2901,1854,36.09100310237849,240,2093
4921,9,put on shoe,272060,4,3012,2316,23.10756972111554,238,2553
4922,9,put on shoe,272060,5,2984,1478,50.46916890080429,104,1581
4923,9,put on shoe,2723,1,1158,814,29.706390328151986,180,993
4924,9,put on shoe,2723,2,1377,1002,27.233115468409586,84,1085
4925,9,put on shoe,2723,3,1070,778,27.289719626168225,112,889
4926,9,put on shoe,2723,4,1028,704,31.51750972762646,158,861
4927,9,put on shoe,2723,5,1384,1050,24.13294797687861,62,1111
4928,9,put on shoe,2729,1,2853,2852,0.03505082369435682,0,2851
4929,9,put on shoe,2729,2,2879,2430,15.595692948940604,80,2509
4930,9,put on shoe,2729,3,3132,2542,18.837803320561942,8,2549
4931,9,put on shoe,2729,4,2916,2818,3.3607681755829906,14,2831
4932,9,put on shoe,2729,5,2899,2690,7.209382545705416,26,2715
4933,9,put on shoe,2747,1,3029,2986,1.419610432485969,0,2985
4934,9,put on shoe,2747,2,2584,2384,7.739938080495356,26,2409
4935,9,put on shoe,2747,3,2755,2580,6.352087114337568,78,2657
4936,9,put on shoe,2747,4,2773,2506,9.628561125135233,210,2715
4937,9,put on shoe,2747,5,3109,2894,6.9154068832422,78,2971
4938,9,put on shoe,3030,1,4535,4358,3.9029768467475194,12,4369
4939,9,put on shoe,3030,2,3119,2494,20.038473869830074,324,2817
4940,9,put on shoe,3030,3,3645,3106,14.787379972565157,448,3553
4941,9,put on shoe,3030,4,3368,2906,13.717339667458432,310,3215
4942,9,put on shoe,3030,5,3331,2714,18.52296607625338,456,3169
4943,9,put on shoe,3245,1,3004,1972,34.354194407456724,240,2211
4944,9,put on shoe,3245,2,3036,1630,46.310935441370226,158,1787
4945,9,put on shoe,3245,3,2932,1930,34.17462482946794,292,2221
4946,9,put on shoe,3245,4,2842,2408,15.270935960591133,226,2633
4947,9,put on shoe,3245,5,2778,2350,15.406767458603312,276,2625
